$date
	Tue Sep 15 19:24:50 2026
$end
$version
	Icarus Verilog
$end
$timescale
	1us
$end
$scope module tb_timer_top $end
$var wire 4 ! col [3:0] $end
$var wire 7 " timer_l_out [6:0] $end
$var wire 7 # timer_h_out [6:0] $end
$var wire 7 $ start_l_seg [6:0] $end
$var wire 7 % start_h_seg [6:0] $end
$var wire 8 & led_out [7:0] $end
$var wire 7 ' end_l_seg [6:0] $end
$var wire 7 ( end_h_seg [6:0] $end
$var reg 1 ) clk_1khz $end
$var reg 1 * reset $end
$var reg 4 + row [3:0] $end
$var integer 32 , errors [31:0] $end
$scope module uut $end
$var wire 1 ) clk_1khz $end
$var wire 4 - col [3:0] $end
$var wire 8 . led_out [7:0] $end
$var wire 1 * reset $end
$var wire 1 / reset_total $end
$var wire 4 0 row [3:0] $end
$var wire 1 1 timer_reset $end
$var wire 7 2 timer_l_out [6:0] $end
$var wire 4 3 timer_l_in [3:0] $end
$var wire 7 4 timer_h_out [6:0] $end
$var wire 4 5 timer_h_in [3:0] $end
$var wire 7 6 start_l_seg [6:0] $end
$var wire 4 7 start_l [3:0] $end
$var wire 7 8 start_h_seg [6:0] $end
$var wire 4 9 start_h [3:0] $end
$var wire 8 : led_sig [7:0] $end
$var wire 7 ; end_l_seg [6:0] $end
$var wire 4 < end_l [3:0] $end
$var wire 7 = end_h_seg [6:0] $end
$var wire 4 > end_h [3:0] $end
$var wire 1 ? auto_load $end
$scope module u_dec_end_h $end
$var wire 4 @ bcd [3:0] $end
$var reg 7 A seg [6:0] $end
$upscope $end
$scope module u_dec_end_l $end
$var wire 4 B bcd [3:0] $end
$var reg 7 C seg [6:0] $end
$upscope $end
$scope module u_dec_start_h $end
$var wire 4 D bcd [3:0] $end
$var reg 7 E seg [6:0] $end
$upscope $end
$scope module u_dec_start_l $end
$var wire 4 F bcd [3:0] $end
$var reg 7 G seg [6:0] $end
$upscope $end
$scope module u_err_select_display $end
$var wire 1 ? auto_load $end
$var wire 7 H timer_l_out [6:0] $end
$var wire 4 I timer_l_in [3:0] $end
$var wire 7 J timer_h_out [6:0] $end
$var wire 4 K timer_h_in [3:0] $end
$var wire 4 L start_l [3:0] $end
$var wire 4 M start_h [3:0] $end
$var wire 1 N is_error $end
$var wire 4 O end_l [3:0] $end
$var wire 4 P end_h [3:0] $end
$var parameter 7 Q SEG_ERR_H $end
$var parameter 7 R SEG_ERR_L $end
$var reg 7 S normal_h_seg [6:0] $end
$var reg 7 T normal_l_seg [6:0] $end
$scope function bcd2seg $end
$var reg 4 U bcd [3:0] $end
$upscope $end
$upscope $end
$scope module u_key_set_timer $end
$var wire 1 ) CLK_1kHz $end
$var wire 4 V col [3:0] $end
$var wire 4 W key_pressed [3:0] $end
$var wire 4 X row [3:0] $end
$var reg 4 Y end_h [3:0] $end
$var reg 4 Z end_l [3:0] $end
$var reg 4 [ row_sync_0 [3:0] $end
$var reg 4 \ row_sync_1 [3:0] $end
$var reg 4 ] row_sync_2 [3:0] $end
$var reg 4 ^ start_h [3:0] $end
$var reg 4 _ start_l [3:0] $end
$upscope $end
$scope module u_time_compare_enlight $end
$var wire 1 ) CLK_1kHz $end
$var wire 4 ` end_h [3:0] $end
$var wire 4 a end_l [3:0] $end
$var wire 1 b in_range $end
$var wire 1 c pulse_10hz $end
$var wire 4 d start_h [3:0] $end
$var wire 4 e start_l [3:0] $end
$var wire 4 f timer_l_in [3:0] $end
$var wire 4 g timer_h_in [3:0] $end
$var wire 8 h start_time [7:0] $end
$var wire 8 i end_time [7:0] $end
$var wire 8 j current_time [7:0] $end
$var reg 1 k clk_10hz $end
$var reg 1 l clk_10hz_d1 $end
$var reg 1 m clk_10hz_d2 $end
$var reg 6 n clk_cnt [5:0] $end
$var reg 3 o led_cnt [2:0] $end
$var reg 8 p led_sig [7:0] $end
$upscope $end
$scope module u_timer_main $end
$var wire 1 ) CLK_1kHz $end
$var wire 1 q pulse_1hz $end
$var wire 1 / reset_total $end
$var wire 1 1 timer_reset $end
$var reg 1 r clk_1hz $end
$var reg 1 s clk_1hz_d1 $end
$var reg 1 t clk_1hz_d2 $end
$var reg 10 u clk_cnt [9:0] $end
$var reg 4 v timer_h_in [3:0] $end
$var reg 4 w timer_l_in [3:0] $end
$upscope $end
$upscope $end
$scope task check4 $end
$var reg 4 x actual [3:0] $end
$var reg 4 y expected [3:0] $end
$var reg 128 z name [127:0] $end
$upscope $end
$scope task check7 $end
$var reg 7 { actual [6:0] $end
$var reg 7 | expected [6:0] $end
$var reg 128 } name [127:0] $end
$upscope $end
$scope task check8 $end
$var reg 8 ~ actual [7:0] $end
$var reg 8 !" expected [7:0] $end
$var reg 128 "" name [127:0] $end
$upscope $end
$scope task press_key $end
$var integer 32 #" key [31:0] $end
$upscope $end
$scope task press_n $end
$var integer 32 $" i [31:0] $end
$var integer 32 %" key [31:0] $end
$var integer 32 &" n [31:0] $end
$upscope $end
$upscope $end
$enddefinitions $end
$comment Show the parameter values. $end
$dumpall
b1010000 R
b1111001 Q
$end
#0
$dumpvars
bx &"
bx %"
bx $"
bx #"
bx ""
bx !"
bx ~
bx }
bx |
bx {
bx z
bx y
bx x
bx w
bx v
b0 u
xt
xs
0r
xq
b11111111 p
b0 o
b0 n
0m
0l
0k
bx j
b0 i
b0 h
bx g
bx f
b0 e
b0 d
0c
xb
b0 a
b0 `
b0 _
b0 ^
b0 ]
b0 \
b0 [
b0 Z
b0 Y
b0 X
b0 W
b1110 V
bx U
bx T
bx S
b0 P
b0 O
0N
b0 M
b0 L
bx K
bx J
bx I
bx H
b111111 G
b0 F
b111111 E
b0 D
b111111 C
b0 B
b111111 A
b0 @
0?
b0 >
b111111 =
b0 <
b111111 ;
b11111111 :
b0 9
b111111 8
b0 7
b111111 6
bx 5
bx 4
bx 3
bx 2
x1
b0 0
0/
b0 .
b1110 -
b0 ,
b0 +
1*
0)
b111111 (
b111111 '
b0 &
b111111 %
b111111 $
bx #
bx "
b1110 !
$end
#500
0b
b111111 "
b111111 2
b111111 H
b1101111 #
b1101111 4
b1101111 J
0q
01
b111111 T
b1101111 S
b0 U
b1 u
0s
b0 3
b0 I
b0 f
b0 w
b1100000 j
b110 5
b110 K
b110 g
b110 v
b1 n
1)
#1000
0)
#1500
b10 n
0t
b10 u
1)
#2000
0)
#2500
b11 u
b11 n
1)
#3000
0)
#3500
b100 n
b100 u
1)
#4000
0)
#4500
b101 u
b101 n
1)
#5000
1/
0)
0*
b1100101011100100101111101101100001000000110000101100110011101000110010101110010001000000111001001100101011100110110010101110100 z
b0 y
b0 x
#5500
b110 n
b110 u
1)
#6000
0)
#6500
b111 u
b111 n
1)
#7000
0/
0)
1*
#7500
b1000 n
b1000 u
1)
#8000
0)
#8500
b1001 u
b1001 n
1)
#9000
0)
b1 +
b1 0
b1 X
b0 #"
b0 $"
b1 &"
b0 %"
b1101110111001101100101011001110010000000110000 }
b111111 |
b111111 {
#9500
b1010 n
b1010 u
b1 [
1)
#10000
0)
#10500
b1 W
b1 \
b1011 u
b1011 n
1)
#11000
0)
#11500
b0 W
b1111001 #
b1111001 4
b1111001 J
b1010000 "
b1010000 2
b1010000 H
b110 %
b110 8
b110 E
b1100 n
b1100 u
b10000 h
1?
1N
b1 9
b1 D
b1 M
b1 ^
b1 d
b1 ]
1)
#12000
0)
#12500
b1101 u
b1101 n
1)
#13000
0)
b0 +
b0 0
b0 X
#13500
b1110 n
b1110 u
b0 [
1)
#14000
0)
#14500
b0 \
b1111 u
b1111 n
1)
#15000
0)
#15500
b10000 n
b10000 u
b0 ]
1)
#16000
0)
#16500
b10001 u
b10001 n
1)
#17000
0)
b1 +
b1 0
b1 X
b1101110111001101100101011001110010000000110001 }
b110 |
b110 {
b0 $"
#17500
b10010 n
b10010 u
b1 [
1)
#18000
0)
#18500
b1 W
b1 \
b10011 u
b10011 n
1)
#19000
0)
#19500
b0 W
b1011011 %
b1011011 8
b1011011 E
b10100 n
b10100 u
b100000 h
b10 9
b10 D
b10 M
b10 ^
b10 d
b1 ]
1)
#20000
0)
#20500
b10101 u
b10101 n
1)
#21000
0)
b0 +
b0 0
b0 X
#21500
b10110 n
b10110 u
b0 [
1)
#22000
0)
#22500
b0 \
b10111 u
b10111 n
1)
#23000
0)
#23500
b11000 n
b11000 u
b0 ]
1)
#24000
0)
#24500
b11001 u
b11001 n
1)
#25000
0)
b1 +
b1 0
b1 X
b1101110111001101100101011001110010000000110010 }
b1011011 |
b1011011 {
b0 $"
#25500
b11010 n
b11010 u
b1 [
1)
#26000
0)
#26500
b1 W
b1 \
b11011 u
b11011 n
1)
#27000
0)
#27500
b0 W
b1001111 %
b1001111 8
b1001111 E
b11100 n
b11100 u
b110000 h
b11 9
b11 D
b11 M
b11 ^
b11 d
b1 ]
1)
#28000
0)
#28500
b11101 u
b11101 n
1)
#29000
0)
b0 +
b0 0
b0 X
#29500
b11110 n
b11110 u
b0 [
1)
#30000
0)
#30500
b0 \
b11111 u
b11111 n
1)
#31000
0)
#31500
b100000 n
b100000 u
b0 ]
1)
#32000
0)
#32500
b100001 u
b100001 n
1)
#33000
0)
b1 +
b1 0
b1 X
b1101110111001101100101011001110010000000110011 }
b1001111 |
b1001111 {
b0 $"
#33500
b100010 n
b100010 u
b1 [
1)
#34000
0)
#34500
b1 W
b1 \
b100011 u
b100011 n
1)
#35000
0)
#35500
b0 W
b1100110 %
b1100110 8
b1100110 E
b100100 n
b100100 u
b1000000 h
b100 9
b100 D
b100 M
b100 ^
b100 d
b1 ]
1)
#36000
0)
#36500
b100101 u
b100101 n
1)
#37000
0)
b0 +
b0 0
b0 X
#37500
b100110 n
b100110 u
b0 [
1)
#38000
0)
#38500
b0 \
b100111 u
b100111 n
1)
#39000
0)
#39500
b101000 n
b101000 u
b0 ]
1)
#40000
0)
#40500
b101001 u
b101001 n
1)
#41000
0)
b1 +
b1 0
b1 X
b1101110111001101100101011001110010000000110100 }
b1100110 |
b1100110 {
b0 $"
#41500
b101010 n
b101010 u
b1 [
1)
#42000
0)
#42500
b1 W
b1 \
b101011 u
b101011 n
1)
#43000
0)
#43500
b0 W
b1101101 %
b1101101 8
b1101101 E
b101100 n
b101100 u
b1010000 h
b101 9
b101 D
b101 M
b101 ^
b101 d
b1 ]
1)
#44000
0)
#44500
b101101 u
b101101 n
1)
#45000
0)
b0 +
b0 0
b0 X
#45500
b101110 n
b101110 u
b0 [
1)
#46000
0)
#46500
b0 \
b101111 u
b101111 n
1)
#47000
0)
#47500
b110000 n
b110000 u
b0 ]
1)
#48000
0)
#48500
b110001 u
b110001 n
1)
#49000
0)
b1 +
b1 0
b1 X
b1101110111001101100101011001110010000000110101 }
b1101101 |
b1101101 {
b0 $"
#49500
1k
b0 n
b110010 u
b1 [
1)
#50000
0)
#50500
b1 W
1c
b1 \
b110011 u
b1 n
1l
1)
#51000
0)
#51500
0c
b0 W
b1101111 #
b1101111 4
b1101111 J
b111111 "
b111111 2
b111111 H
b111111 %
b111111 8
b111111 E
1m
b10 n
b110100 u
b0 h
0?
0N
b0 9
b0 D
b0 M
b0 ^
b0 d
b1 ]
1)
#52000
0)
#52500
b110101 u
b11 n
1)
#53000
0)
b0 +
b0 0
b0 X
#53500
b100 n
b110110 u
b0 [
1)
#54000
0)
#54500
b0 \
b110111 u
b101 n
1)
#55000
0)
#55500
b110 n
b111000 u
b0 ]
1)
#56000
0)
#56500
b111001 u
b111 n
1)
#57000
0)
b10 +
b10 0
b10 X
b1 #"
b1001 &"
b1 %"
b11011101110011011001010110011100100000001101010010110100111110001100000010000001110111011100100110000101110000 }
b111111 |
b111111 {
b0 $"
#57500
b1000 n
b111010 u
b10 [
1)
#58000
0)
#58500
b10 W
b10 \
b111011 u
b1001 n
1)
#59000
0)
#59500
b0 W
b1111001 #
b1111001 4
b1111001 J
b1010000 "
b1010000 2
b1010000 H
b110 $
b110 6
b110 G
b1010 n
b111100 u
b1 h
1?
1N
b1 7
b1 F
b1 L
b1 _
b1 e
b10 ]
1)
#60000
0)
#60500
b111101 u
b1011 n
1)
#61000
0)
b0 +
b0 0
b0 X
#61500
b1100 n
b111110 u
b0 [
1)
#62000
0)
#62500
b0 \
b111111 u
b1101 n
1)
#63000
0)
#63500
b1110 n
b1000000 u
b0 ]
1)
#64000
0)
#64500
b1000001 u
b1111 n
1)
#65000
0)
b10 +
b10 0
b10 X
b1 $"
#65500
b10000 n
b1000010 u
b10 [
1)
#66000
0)
#66500
b10 W
b10 \
b1000011 u
b10001 n
1)
#67000
0)
#67500
b0 W
b1011011 $
b1011011 6
b1011011 G
b10010 n
b1000100 u
b10 h
b10 7
b10 F
b10 L
b10 _
b10 e
b10 ]
1)
#68000
0)
#68500
b1000101 u
b10011 n
1)
#69000
0)
b0 +
b0 0
b0 X
#69500
b10100 n
b1000110 u
b0 [
1)
#70000
0)
#70500
b0 \
b1000111 u
b10101 n
1)
#71000
0)
#71500
b10110 n
b1001000 u
b0 ]
1)
#72000
0)
#72500
b1001001 u
b10111 n
1)
#73000
0)
b10 +
b10 0
b10 X
b10 $"
#73500
b11000 n
b1001010 u
b10 [
1)
#74000
0)
#74500
b10 W
b10 \
b1001011 u
b11001 n
1)
#75000
0)
#75500
b0 W
b1001111 $
b1001111 6
b1001111 G
b11010 n
b1001100 u
b11 h
b11 7
b11 F
b11 L
b11 _
b11 e
b10 ]
1)
#76000
0)
#76500
b1001101 u
b11011 n
1)
#77000
0)
b0 +
b0 0
b0 X
#77500
b11100 n
b1001110 u
b0 [
1)
#78000
0)
#78500
b0 \
b1001111 u
b11101 n
1)
#79000
0)
#79500
b11110 n
b1010000 u
b0 ]
1)
#80000
0)
#80500
b1010001 u
b11111 n
1)
#81000
0)
b10 +
b10 0
b10 X
b11 $"
#81500
b100000 n
b1010010 u
b10 [
1)
#82000
0)
#82500
b10 W
b10 \
b1010011 u
b100001 n
1)
#83000
0)
#83500
b0 W
b1100110 $
b1100110 6
b1100110 G
b100010 n
b1010100 u
b100 h
b100 7
b100 F
b100 L
b100 _
b100 e
b10 ]
1)
#84000
0)
#84500
b1010101 u
b100011 n
1)
#85000
0)
b0 +
b0 0
b0 X
#85500
b100100 n
b1010110 u
b0 [
1)
#86000
0)
#86500
b0 \
b1010111 u
b100101 n
1)
#87000
0)
#87500
b100110 n
b1011000 u
b0 ]
1)
#88000
0)
#88500
b1011001 u
b100111 n
1)
#89000
0)
b10 +
b10 0
b10 X
b100 $"
#89500
b101000 n
b1011010 u
b10 [
1)
#90000
0)
#90500
b10 W
b10 \
b1011011 u
b101001 n
1)
#91000
0)
#91500
b0 W
b1101101 $
b1101101 6
b1101101 G
b101010 n
b1011100 u
b101 h
b101 7
b101 F
b101 L
b101 _
b101 e
b10 ]
1)
#92000
0)
#92500
b1011101 u
b101011 n
1)
#93000
0)
b0 +
b0 0
b0 X
#93500
b101100 n
b1011110 u
b0 [
1)
#94000
0)
#94500
b0 \
b1011111 u
b101101 n
1)
#95000
0)
#95500
b101110 n
b1100000 u
b0 ]
1)
#96000
0)
#96500
b1100001 u
b101111 n
1)
#97000
0)
b10 +
b10 0
b10 X
b101 $"
#97500
b110000 n
b1100010 u
b10 [
1)
#98000
0)
#98500
b10 W
b10 \
b1100011 u
b110001 n
1)
#99000
0)
#99500
b0 W
b1101111 $
b1101111 6
b1101111 G
0k
b0 n
b1100100 u
b110 h
b110 7
b110 F
b110 L
b110 _
b110 e
b10 ]
1)
#100000
0)
#100500
b1100101 u
b1 n
0l
1)
#101000
0)
b0 +
b0 0
b0 X
#101500
0m
b10 n
b1100110 u
b0 [
1)
#102000
0)
#102500
b0 \
b1100111 u
b11 n
1)
#103000
0)
#103500
b100 n
b1101000 u
b0 ]
1)
#104000
0)
#104500
b1101001 u
b101 n
1)
#105000
0)
b10 +
b10 0
b10 X
b110 $"
#105500
b110 n
b1101010 u
b10 [
1)
#106000
0)
#106500
b10 W
b10 \
b1101011 u
b111 n
1)
#107000
0)
#107500
b0 W
b111 $
b111 6
b111 G
b1000 n
b1101100 u
b111 h
b111 7
b111 F
b111 L
b111 _
b111 e
b10 ]
1)
#108000
0)
#108500
b1101101 u
b1001 n
1)
#109000
0)
b0 +
b0 0
b0 X
#109500
b1010 n
b1101110 u
b0 [
1)
#110000
0)
#110500
b0 \
b1101111 u
b1011 n
1)
#111000
0)
#111500
b1100 n
b1110000 u
b0 ]
1)
#112000
0)
#112500
b1110001 u
b1101 n
1)
#113000
0)
b10 +
b10 0
b10 X
b111 $"
#113500
b1110 n
b1110010 u
b10 [
1)
#114000
0)
#114500
b10 W
b10 \
b1110011 u
b1111 n
1)
#115000
0)
#115500
b0 W
b1111111 $
b1111111 6
b1111111 G
b10000 n
b1110100 u
b1000 h
b1000 7
b1000 F
b1000 L
b1000 _
b1000 e
b10 ]
1)
#116000
0)
#116500
b1110101 u
b10001 n
1)
#117000
0)
b0 +
b0 0
b0 X
#117500
b10010 n
b1110110 u
b0 [
1)
#118000
0)
#118500
b0 \
b1110111 u
b10011 n
1)
#119000
0)
#119500
b10100 n
b1111000 u
b0 ]
1)
#120000
0)
#120500
b1111001 u
b10101 n
1)
#121000
0)
b10 +
b10 0
b10 X
b1000 $"
#121500
b10110 n
b1111010 u
b10 [
1)
#122000
0)
#122500
b10 W
b10 \
b1111011 u
b10111 n
1)
#123000
0)
#123500
b0 W
b1101111 $
b1101111 6
b1101111 G
b11000 n
b1111100 u
b1001 h
b1001 7
b1001 F
b1001 L
b1001 _
b1001 e
b10 ]
1)
#124000
0)
#124500
b1111101 u
b11001 n
1)
#125000
0)
b0 +
b0 0
b0 X
#125500
b11010 n
b1111110 u
b0 [
1)
#126000
0)
#126500
b0 \
b1111111 u
b11011 n
1)
#127000
0)
#127500
b11100 n
b10000000 u
b0 ]
1)
#128000
0)
#128500
b10000001 u
b11101 n
1)
#129000
0)
b10 +
b10 0
b10 X
b1 &"
b1101110111001101100101011001110010000000111001 }
b1101111 |
b1101111 {
b1110100011000010111001001110100010111110110110000100000011100100110010101100001011000110110100001100101011100110010000000111001 z
b1001 y
b1001 x
b0 $"
#129500
b11110 n
b10000010 u
b10 [
1)
#130000
0)
#130500
b10 W
b10 \
b10000011 u
b11111 n
1)
#131000
0)
#131500
b0 W
b1101111 #
b1101111 4
b1101111 J
b111111 "
b111111 2
b111111 H
b111111 $
b111111 6
b111111 G
b100000 n
b10000100 u
b0 h
0?
0N
b0 7
b0 F
b0 L
b0 _
b0 e
b10 ]
1)
#132000
0)
#132500
b10000101 u
b100001 n
1)
#133000
0)
b0 +
b0 0
b0 X
#133500
b100010 n
b10000110 u
b0 [
1)
#134000
0)
#134500
b0 \
b10000111 u
b100011 n
1)
#135000
0)
#135500
b100100 n
b10001000 u
b0 ]
1)
#136000
0)
#136500
b10001001 u
b100101 n
1)
#137000
0)
b100 +
b100 0
b100 X
b10 #"
b101 &"
b10 %"
b1110011011001010110011100100000001100000010000001100001011001100111010001100101011100100010000001110111011100100110000101110000 }
b111111 |
b111111 {
b1110100011000010111001001110100010111110110110000100000001110010010110100111110001100000010000001110111011100100110000101110000 z
b0 y
b0 x
b0 $"
#137500
b100110 n
b10001010 u
b100 [
1)
#138000
0)
#138500
b100 W
b100 \
b10001011 u
b100111 n
1)
#139000
0)
#139500
b0 W
b110 (
b110 =
b110 A
b101000 n
b10001100 u
b10000 i
b1 >
b1 @
b1 P
b1 Y
b1 `
b100 ]
1)
#140000
0)
#140500
b10001101 u
b101001 n
1)
#141000
0)
b0 +
b0 0
b0 X
#141500
b101010 n
b10001110 u
b0 [
1)
#142000
0)
#142500
b0 \
b10001111 u
b101011 n
1)
#143000
0)
#143500
b101100 n
b10010000 u
b0 ]
1)
#144000
0)
#144500
b10010001 u
b101101 n
1)
#145000
0)
b100 +
b100 0
b100 X
b1 $"
#145500
b101110 n
b10010010 u
b100 [
1)
#146000
0)
#146500
b100 W
b100 \
b10010011 u
b101111 n
1)
#147000
0)
#147500
b0 W
b1011011 (
b1011011 =
b1011011 A
b110000 n
b10010100 u
b100000 i
b10 >
b10 @
b10 P
b10 Y
b10 `
b100 ]
1)
#148000
0)
#148500
b10010101 u
b110001 n
1)
#149000
0)
b0 +
b0 0
b0 X
#149500
1k
b0 n
b10010110 u
b0 [
1)
#150000
0)
#150500
1c
b0 \
b10010111 u
b1 n
1l
1)
#151000
0)
#151500
0c
1m
b10 n
b10011000 u
b0 ]
1)
#152000
0)
#152500
b10011001 u
b11 n
1)
#153000
0)
b100 +
b100 0
b100 X
b10 $"
#153500
b100 n
b10011010 u
b100 [
1)
#154000
0)
#154500
b100 W
b100 \
b10011011 u
b101 n
1)
#155000
0)
#155500
b0 W
b1001111 (
b1001111 =
b1001111 A
b110 n
b10011100 u
b110000 i
b11 >
b11 @
b11 P
b11 Y
b11 `
b100 ]
1)
#156000
0)
#156500
b10011101 u
b111 n
1)
#157000
0)
b0 +
b0 0
b0 X
#157500
b1000 n
b10011110 u
b0 [
1)
#158000
0)
#158500
b0 \
b10011111 u
b1001 n
1)
#159000
0)
#159500
b1010 n
b10100000 u
b0 ]
1)
#160000
0)
#160500
b10100001 u
b1011 n
1)
#161000
0)
b100 +
b100 0
b100 X
b11 $"
#161500
b1100 n
b10100010 u
b100 [
1)
#162000
0)
#162500
b100 W
b100 \
b10100011 u
b1101 n
1)
#163000
0)
#163500
b0 W
b1100110 (
b1100110 =
b1100110 A
b1110 n
b10100100 u
b1000000 i
b100 >
b100 @
b100 P
b100 Y
b100 `
b100 ]
1)
#164000
0)
#164500
b10100101 u
b1111 n
1)
#165000
0)
b0 +
b0 0
b0 X
#165500
b10000 n
b10100110 u
b0 [
1)
#166000
0)
#166500
b0 \
b10100111 u
b10001 n
1)
#167000
0)
#167500
b10010 n
b10101000 u
b0 ]
1)
#168000
0)
#168500
b10101001 u
b10011 n
1)
#169000
0)
b100 +
b100 0
b100 X
b100 $"
#169500
b10100 n
b10101010 u
b100 [
1)
#170000
0)
#170500
b100 W
b100 \
b10101011 u
b10101 n
1)
#171000
0)
#171500
b0 W
b1101101 (
b1101101 =
b1101101 A
b10110 n
b10101100 u
b1010000 i
b101 >
b101 @
b101 P
b101 Y
b101 `
b100 ]
1)
#172000
0)
#172500
b10101101 u
b10111 n
1)
#173000
0)
b0 +
b0 0
b0 X
#173500
b11000 n
b10101110 u
b0 [
1)
#174000
0)
#174500
b0 \
b10101111 u
b11001 n
1)
#175000
0)
#175500
b11010 n
b10110000 u
b0 ]
1)
#176000
0)
#176500
b10110001 u
b11011 n
1)
#177000
0)
b100 +
b100 0
b100 X
b1 &"
b11001010110111001100100010111110110100000100000011100100110010101100001011000110110100001100101011100110010000000110101 z
b101 y
b101 x
b0 $"
#177500
b11100 n
b10110010 u
b100 [
1)
#178000
0)
#178500
b100 W
b100 \
b10110011 u
b11101 n
1)
#179000
0)
#179500
b0 W
b111111 (
b111111 =
b111111 A
b11110 n
b10110100 u
b0 i
b0 >
b0 @
b0 P
b0 Y
b0 `
b100 ]
1)
#180000
0)
#180500
b10110101 u
b11111 n
1)
#181000
0)
b0 +
b0 0
b0 X
#181500
b100000 n
b10110110 u
b0 [
1)
#182000
0)
#182500
b0 \
b10110111 u
b100001 n
1)
#183000
0)
#183500
b100010 n
b10111000 u
b0 ]
1)
#184000
0)
#184500
b10111001 u
b100011 n
1)
#185000
0)
b1000 +
b1000 0
b1000 X
b11 #"
b1010 &"
b11 %"
b11001010110111001100100010111110110100000100000001101010010110100111110001100000010000001110111011100100110000101110000 z
b0 y
b0 x
b0 $"
#185500
b100100 n
b10111010 u
b1000 [
1)
#186000
0)
#186500
b1000 W
b1000 \
b10111011 u
b100101 n
1)
#187000
0)
#187500
b0 W
b110 '
b110 ;
b110 C
b100110 n
b10111100 u
b1 i
b1 <
b1 B
b1 O
b1 Z
b1 a
b1000 ]
1)
#188000
0)
#188500
b10111101 u
b100111 n
1)
#189000
0)
b0 +
b0 0
b0 X
#189500
b101000 n
b10111110 u
b0 [
1)
#190000
0)
#190500
b0 \
b10111111 u
b101001 n
1)
#191000
0)
#191500
b101010 n
b11000000 u
b0 ]
1)
#192000
0)
#192500
b11000001 u
b101011 n
1)
#193000
0)
b1000 +
b1000 0
b1000 X
b1 $"
#193500
b101100 n
b11000010 u
b1000 [
1)
#194000
0)
#194500
b1000 W
b1000 \
b11000011 u
b101101 n
1)
#195000
0)
#195500
b0 W
b1011011 '
b1011011 ;
b1011011 C
b101110 n
b11000100 u
b10 i
b10 <
b10 B
b10 O
b10 Z
b10 a
b1000 ]
1)
#196000
0)
#196500
b11000101 u
b101111 n
1)
#197000
0)
b0 +
b0 0
b0 X
#197500
b110000 n
b11000110 u
b0 [
1)
#198000
0)
#198500
b0 \
b11000111 u
b110001 n
1)
#199000
0)
#199500
0k
b0 n
b11001000 u
b0 ]
1)
#200000
0)
#200500
b11001001 u
b1 n
0l
1)
#201000
0)
b1000 +
b1000 0
b1000 X
b10 $"
#201500
0m
b10 n
b11001010 u
b1000 [
1)
#202000
0)
#202500
b1000 W
b1000 \
b11001011 u
b11 n
1)
#203000
0)
#203500
b0 W
b1001111 '
b1001111 ;
b1001111 C
b100 n
b11001100 u
b11 i
b11 <
b11 B
b11 O
b11 Z
b11 a
b1000 ]
1)
#204000
0)
#204500
b11001101 u
b101 n
1)
#205000
0)
b0 +
b0 0
b0 X
#205500
b110 n
b11001110 u
b0 [
1)
#206000
0)
#206500
b0 \
b11001111 u
b111 n
1)
#207000
0)
#207500
b1000 n
b11010000 u
b0 ]
1)
#208000
0)
#208500
b11010001 u
b1001 n
1)
#209000
0)
b1000 +
b1000 0
b1000 X
b11 $"
#209500
b1010 n
b11010010 u
b1000 [
1)
#210000
0)
#210500
b1000 W
b1000 \
b11010011 u
b1011 n
1)
#211000
0)
#211500
b0 W
b1100110 '
b1100110 ;
b1100110 C
b1100 n
b11010100 u
b100 i
b100 <
b100 B
b100 O
b100 Z
b100 a
b1000 ]
1)
#212000
0)
#212500
b11010101 u
b1101 n
1)
#213000
0)
b0 +
b0 0
b0 X
#213500
b1110 n
b11010110 u
b0 [
1)
#214000
0)
#214500
b0 \
b11010111 u
b1111 n
1)
#215000
0)
#215500
b10000 n
b11011000 u
b0 ]
1)
#216000
0)
#216500
b11011001 u
b10001 n
1)
#217000
0)
b1000 +
b1000 0
b1000 X
b100 $"
#217500
b10010 n
b11011010 u
b1000 [
1)
#218000
0)
#218500
b1000 W
b1000 \
b11011011 u
b10011 n
1)
#219000
0)
#219500
b0 W
b1101101 '
b1101101 ;
b1101101 C
b10100 n
b11011100 u
b101 i
b101 <
b101 B
b101 O
b101 Z
b101 a
b1000 ]
1)
#220000
0)
#220500
b11011101 u
b10101 n
1)
#221000
0)
b0 +
b0 0
b0 X
#221500
b10110 n
b11011110 u
b0 [
1)
#222000
0)
#222500
b0 \
b11011111 u
b10111 n
1)
#223000
0)
#223500
b11000 n
b11100000 u
b0 ]
1)
#224000
0)
#224500
b11100001 u
b11001 n
1)
#225000
0)
b1000 +
b1000 0
b1000 X
b101 $"
#225500
b11010 n
b11100010 u
b1000 [
1)
#226000
0)
#226500
b1000 W
b1000 \
b11100011 u
b11011 n
1)
#227000
0)
#227500
b0 W
b1101111 '
b1101111 ;
b1101111 C
b11100 n
b11100100 u
b110 i
b110 <
b110 B
b110 O
b110 Z
b110 a
b1000 ]
1)
#228000
0)
#228500
b11100101 u
b11101 n
1)
#229000
0)
b0 +
b0 0
b0 X
#229500
b11110 n
b11100110 u
b0 [
1)
#230000
0)
#230500
b0 \
b11100111 u
b11111 n
1)
#231000
0)
#231500
b100000 n
b11101000 u
b0 ]
1)
#232000
0)
#232500
b11101001 u
b100001 n
1)
#233000
0)
b1000 +
b1000 0
b1000 X
b110 $"
#233500
b100010 n
b11101010 u
b1000 [
1)
#234000
0)
#234500
b1000 W
b1000 \
b11101011 u
b100011 n
1)
#235000
0)
#235500
b0 W
b111 '
b111 ;
b111 C
b100100 n
b11101100 u
b111 i
b111 <
b111 B
b111 O
b111 Z
b111 a
b1000 ]
1)
#236000
0)
#236500
b11101101 u
b100101 n
1)
#237000
0)
b0 +
b0 0
b0 X
#237500
b100110 n
b11101110 u
b0 [
1)
#238000
0)
#238500
b0 \
b11101111 u
b100111 n
1)
#239000
0)
#239500
b101000 n
b11110000 u
b0 ]
1)
#240000
0)
#240500
b11110001 u
b101001 n
1)
#241000
0)
b1000 +
b1000 0
b1000 X
b111 $"
#241500
b101010 n
b11110010 u
b1000 [
1)
#242000
0)
#242500
b1000 W
b1000 \
b11110011 u
b101011 n
1)
#243000
0)
#243500
b0 W
b1111111 '
b1111111 ;
b1111111 C
b101100 n
b11110100 u
b1000 i
b1000 <
b1000 B
b1000 O
b1000 Z
b1000 a
b1000 ]
1)
#244000
0)
#244500
b11110101 u
b101101 n
1)
#245000
0)
b0 +
b0 0
b0 X
#245500
b101110 n
b11110110 u
b0 [
1)
#246000
0)
#246500
b0 \
b11110111 u
b101111 n
1)
#247000
0)
#247500
b110000 n
b11111000 u
b0 ]
1)
#248000
0)
#248500
b11111001 u
b110001 n
1)
#249000
0)
b1000 +
b1000 0
b1000 X
b1000 $"
#249500
1k
b0 n
b11111010 u
b1000 [
1)
#250000
0)
#250500
b1000 W
1c
b1000 \
b11111011 u
b1 n
1l
1)
#251000
0)
#251500
0c
b0 W
b1101111 '
b1101111 ;
b1101111 C
1m
b10 n
b11111100 u
b1001 i
b1001 <
b1001 B
b1001 O
b1001 Z
b1001 a
b1000 ]
1)
#252000
0)
#252500
b11111101 u
b11 n
1)
#253000
0)
b0 +
b0 0
b0 X
#253500
b100 n
b11111110 u
b0 [
1)
#254000
0)
#254500
b0 \
b11111111 u
b101 n
1)
#255000
0)
#255500
b110 n
b100000000 u
b0 ]
1)
#256000
0)
#256500
b100000001 u
b111 n
1)
#257000
0)
b1000 +
b1000 0
b1000 X
b1001 $"
#257500
b1000 n
b100000010 u
b1000 [
1)
#258000
0)
#258500
b1000 W
b1000 \
b100000011 u
b1001 n
1)
#259000
0)
#259500
b0 W
b111111 '
b111111 ;
b111111 C
b1010 n
b100000100 u
b0 i
b0 <
b0 B
b0 O
b0 Z
b0 a
b1000 ]
1)
#260000
0)
#260500
b100000101 u
b1011 n
1)
#261000
0)
b0 +
b0 0
b0 X
#261500
b1100 n
b100000110 u
b0 [
1)
#262000
0)
#262500
b0 \
b100000111 u
b1101 n
1)
#263000
0)
#263500
b1110 n
b100001000 u
b0 ]
1)
#264000
0)
#264500
b100001001 u
b1111 n
1)
#265000
0)
b11001010110111001100100010111110110110000100000001110010010110100111110001100000010000001110111011100100110000101110000 z
b1010 $"
#265500
b10000 n
b100001010 u
1)
#266000
b110 (
b110 =
b110 A
b1111001 #
b1111001 4
b1111001 J
b1010000 "
b1010000 2
b1010000 H
b1001111 %
b1001111 8
b1001111 E
0)
b0 <
b0 B
b0 O
b0 Z
b0 a
b10000 i
b1 >
b1 @
b1 P
b1 Y
b1 `
b0 7
b0 F
b0 L
b0 _
b0 e
b110000 h
1?
1N
b11 9
b11 D
b11 M
b11 ^
b11 d
#266500
b100001011 u
b10001 n
1)
#267000
b111111 (
b111111 =
b111111 A
b1101111 #
b1101111 4
b1101111 J
b111111 "
b111111 2
b111111 H
b111111 %
b111111 8
b111111 E
0)
b0 <
b0 B
b0 O
b0 Z
b0 a
b0 i
b0 >
b0 @
b0 P
b0 Y
b0 `
b0 7
b0 F
b0 L
b0 _
b0 e
b0 h
0?
0N
b0 9
b0 D
b0 M
b0 ^
b0 d
b1110010001000000110010001101001011100110111000001101100011000010111100100100000011011110110111001100101011100110010000001110010 }
b1010000 |
b1010000 {
#267500
b10010 n
b100001100 u
1)
#268000
b1101101 "
b1101101 2
b1101101 H
b1011011 #
b1011011 4
b1011011 J
b1101101 T
b1011011 S
b101 U
0)
b101 3
b101 I
b101 f
b101 w
b100101 j
b10 5
b10 K
b10 g
b10 v
#268500
b100001101 u
b10011 n
1)
#269000
1/
b111111 "
b111111 2
b111111 H
b1101111 #
b1101111 4
b1101111 J
b111111 T
b1101111 S
b0 U
0)
b1100000 j
b0 <
b0 B
b0 O
b0 Z
b0 a
b0 >
b0 @
b0 P
b0 Y
b0 `
b0 7
b0 F
b0 L
b0 _
b0 e
b0 9
b0 D
b0 M
b0 ^
b0 d
0*
b0 3
b0 I
b0 f
b0 w
b110 5
b110 K
b110 g
b110 v
b1101110011011110111001001101101011000010110110000100000011001000110100101110011011100000110110001100001011110010010000000110101 }
b1101101 |
b1101101 {
#269500
b10100 n
b100001110 u
1)
#270000
0)
#270500
b100001111 u
b10101 n
1)
#271000
0)
b0 3
b0 I
b0 f
b0 w
b110 5
b110 K
b110 g
b110 v
#271500
b10110 n
b100010000 u
1)
#272000
0)
#272500
b100010001 u
b10111 n
1)
#273000
0)
#273500
b11000 n
b100010010 u
1)
#274000
0)
#274500
b100010011 u
b11001 n
1)
#275000
0)
#275500
b11010 n
b100010100 u
1)
#276000
0)
#276500
b100010101 u
b11011 n
1)
#277000
0)
#277500
b11100 n
b100010110 u
1)
#278000
0)
#278500
b100010111 u
b11101 n
1)
#279000
0)
#279500
b11110 n
b100011000 u
1)
#280000
0)
#280500
b100011001 u
b11111 n
1)
#281000
0)
#281500
b100000 n
b100011010 u
1)
#282000
0)
#282500
b100011011 u
b100001 n
1)
#283000
0)
#283500
b100010 n
b100011100 u
1)
#284000
0)
#284500
b100011101 u
b100011 n
1)
#285000
0)
#285500
b100100 n
b100011110 u
1)
#286000
0)
#286500
b100011111 u
b100101 n
1)
#287000
0)
#287500
b100110 n
b100100000 u
1)
#288000
0)
#288500
b100100001 u
b100111 n
1)
#289000
0)
#289500
b101000 n
b100100010 u
1)
#290000
0)
#290500
b100100011 u
b101001 n
1)
#291000
0)
#291500
b101010 n
b100100100 u
1)
#292000
0)
#292500
b100100101 u
b101011 n
1)
#293000
0)
#293500
b101100 n
b100100110 u
1)
#294000
0)
#294500
b100100111 u
b101101 n
1)
#295000
0)
#295500
b101110 n
b100101000 u
1)
#296000
0)
#296500
b100101001 u
b101111 n
1)
#297000
0)
#297500
b110000 n
b100101010 u
1)
#298000
0)
#298500
b100101011 u
b110001 n
1)
#299000
0)
#299500
0k
b0 n
b100101100 u
1)
#300000
0)
#300500
b100101101 u
b1 n
0l
1)
#301000
0)
#301500
0m
b10 n
b100101110 u
1)
#302000
0)
#302500
b100101111 u
b11 n
1)
#303000
0)
#303500
b100 n
b100110000 u
1)
#304000
0)
#304500
b100110001 u
b101 n
1)
#305000
0)
#305500
b110 n
b100110010 u
1)
#306000
0)
#306500
b100110011 u
b111 n
1)
#307000
0)
#307500
b1000 n
b100110100 u
1)
#308000
0)
#308500
b100110101 u
b1001 n
1)
#309000
0)
#309500
b1010 n
b100110110 u
1)
#310000
0)
#310500
b100110111 u
b1011 n
1)
#311000
0)
#311500
b1100 n
b100111000 u
1)
#312000
0)
#312500
b100111001 u
b1101 n
1)
#313000
0)
#313500
b1110 n
b100111010 u
1)
#314000
0)
#314500
b100111011 u
b1111 n
1)
#315000
0)
#315500
b10000 n
b100111100 u
1)
#316000
0)
#316500
b100111101 u
b10001 n
1)
#317000
0)
#317500
b10010 n
b100111110 u
1)
#318000
0)
#318500
b100111111 u
b10011 n
1)
#319000
0)
#319500
b10100 n
b101000000 u
1)
#320000
0)
#320500
b101000001 u
b10101 n
1)
#321000
0)
#321500
b10110 n
b101000010 u
1)
#322000
0)
#322500
b101000011 u
b10111 n
1)
#323000
0)
#323500
b11000 n
b101000100 u
1)
#324000
0)
#324500
b101000101 u
b11001 n
1)
#325000
0)
#325500
b11010 n
b101000110 u
1)
#326000
0)
#326500
b101000111 u
b11011 n
1)
#327000
0)
#327500
b11100 n
b101001000 u
1)
#328000
0)
#328500
b101001001 u
b11101 n
1)
#329000
0)
#329500
b11110 n
b101001010 u
1)
#330000
0)
#330500
b101001011 u
b11111 n
1)
#331000
0)
#331500
b100000 n
b101001100 u
1)
#332000
0)
#332500
b101001101 u
b100001 n
1)
#333000
0)
#333500
b100010 n
b101001110 u
1)
#334000
0)
#334500
b101001111 u
b100011 n
1)
#335000
0)
#335500
b100100 n
b101010000 u
1)
#336000
0)
#336500
b101010001 u
b100101 n
1)
#337000
0)
#337500
b100110 n
b101010010 u
1)
#338000
0)
#338500
b101010011 u
b100111 n
1)
#339000
0)
#339500
b101000 n
b101010100 u
1)
#340000
0)
#340500
b101010101 u
b101001 n
1)
#341000
0)
#341500
b101010 n
b101010110 u
1)
#342000
0)
#342500
b101010111 u
b101011 n
1)
#343000
0)
#343500
b101100 n
b101011000 u
1)
#344000
0)
#344500
b101011001 u
b101101 n
1)
#345000
0)
#345500
b101110 n
b101011010 u
1)
#346000
0)
#346500
b101011011 u
b101111 n
1)
#347000
0)
#347500
b110000 n
b101011100 u
1)
#348000
0)
#348500
b101011101 u
b110001 n
1)
#349000
0)
#349500
1k
b0 n
b101011110 u
1)
#350000
0)
#350500
1c
b101011111 u
b1 n
1l
1)
#351000
0)
#351500
0c
1m
b10 n
b101100000 u
1)
#352000
0)
#352500
b101100001 u
b11 n
1)
#353000
0)
#353500
b100 n
b101100010 u
1)
#354000
0)
#354500
b101100011 u
b101 n
1)
#355000
0)
#355500
b110 n
b101100100 u
1)
#356000
0)
#356500
b101100101 u
b111 n
1)
#357000
0)
#357500
b1000 n
b101100110 u
1)
#358000
0)
#358500
b101100111 u
b1001 n
1)
#359000
0)
#359500
b1010 n
b101101000 u
1)
#360000
0)
#360500
b101101001 u
b1011 n
1)
#361000
0)
#361500
b1100 n
b101101010 u
1)
#362000
0)
#362500
b101101011 u
b1101 n
1)
#363000
0)
#363500
b1110 n
b101101100 u
1)
#364000
0)
#364500
b101101101 u
b1111 n
1)
#365000
0)
#365500
b10000 n
b101101110 u
1)
#366000
0)
#366500
b101101111 u
b10001 n
1)
#367000
0)
#367500
b10010 n
b101110000 u
1)
#368000
0)
#368500
b101110001 u
b10011 n
1)
#369000
0)
#369500
b10100 n
b101110010 u
1)
#370000
0)
#370500
b101110011 u
b10101 n
1)
#371000
0)
#371500
b10110 n
b101110100 u
1)
#372000
0)
#372500
b101110101 u
b10111 n
1)
#373000
0)
#373500
b11000 n
b101110110 u
1)
#374000
0)
#374500
b101110111 u
b11001 n
1)
#375000
0)
#375500
b11010 n
b101111000 u
1)
#376000
0)
#376500
b101111001 u
b11011 n
1)
#377000
0)
#377500
b11100 n
b101111010 u
1)
#378000
0)
#378500
b101111011 u
b11101 n
1)
#379000
0)
#379500
b11110 n
b101111100 u
1)
#380000
0)
#380500
b101111101 u
b11111 n
1)
#381000
0)
#381500
b100000 n
b101111110 u
1)
#382000
0)
#382500
b101111111 u
b100001 n
1)
#383000
0)
#383500
b100010 n
b110000000 u
1)
#384000
0)
#384500
b110000001 u
b100011 n
1)
#385000
0)
#385500
b100100 n
b110000010 u
1)
#386000
0)
#386500
b110000011 u
b100101 n
1)
#387000
0)
#387500
b100110 n
b110000100 u
1)
#388000
0)
#388500
b110000101 u
b100111 n
1)
#389000
0)
#389500
b101000 n
b110000110 u
1)
#390000
0)
#390500
b110000111 u
b101001 n
1)
#391000
0)
#391500
b101010 n
b110001000 u
1)
#392000
0)
#392500
b110001001 u
b101011 n
1)
#393000
0)
#393500
b101100 n
b110001010 u
1)
#394000
0)
#394500
b110001011 u
b101101 n
1)
#395000
0)
#395500
b101110 n
b110001100 u
1)
#396000
0)
#396500
b110001101 u
b101111 n
1)
#397000
0)
#397500
b110000 n
b110001110 u
1)
#398000
0)
#398500
b110001111 u
b110001 n
1)
#399000
0)
#399500
0k
b0 n
b110010000 u
1)
#400000
0)
#400500
b110010001 u
b1 n
0l
1)
#401000
0)
#401500
0m
b10 n
b110010010 u
1)
#402000
0)
#402500
b110010011 u
b11 n
1)
#403000
0)
#403500
b100 n
b110010100 u
1)
#404000
0)
#404500
b110010101 u
b101 n
1)
#405000
0)
#405500
b110 n
b110010110 u
1)
#406000
0)
#406500
b110010111 u
b111 n
1)
#407000
0)
#407500
b1000 n
b110011000 u
1)
#408000
0)
#408500
b110011001 u
b1001 n
1)
#409000
0)
#409500
b1010 n
b110011010 u
1)
#410000
0)
#410500
b110011011 u
b1011 n
1)
#411000
0)
#411500
b1100 n
b110011100 u
1)
#412000
0)
#412500
b110011101 u
b1101 n
1)
#413000
0)
#413500
b1110 n
b110011110 u
1)
#414000
0)
#414500
b110011111 u
b1111 n
1)
#415000
0)
#415500
b10000 n
b110100000 u
1)
#416000
0)
#416500
b110100001 u
b10001 n
1)
#417000
0)
#417500
b10010 n
b110100010 u
1)
#418000
0)
#418500
b110100011 u
b10011 n
1)
#419000
0)
#419500
b10100 n
b110100100 u
1)
#420000
0)
#420500
b110100101 u
b10101 n
1)
#421000
0)
#421500
b10110 n
b110100110 u
1)
#422000
0)
#422500
b110100111 u
b10111 n
1)
#423000
0)
#423500
b11000 n
b110101000 u
1)
#424000
0)
#424500
b110101001 u
b11001 n
1)
#425000
0)
#425500
b11010 n
b110101010 u
1)
#426000
0)
#426500
b110101011 u
b11011 n
1)
#427000
0)
#427500
b11100 n
b110101100 u
1)
#428000
0)
#428500
b110101101 u
b11101 n
1)
#429000
0)
#429500
b11110 n
b110101110 u
1)
#430000
0)
#430500
b110101111 u
b11111 n
1)
#431000
0)
#431500
b100000 n
b110110000 u
1)
#432000
0)
#432500
b110110001 u
b100001 n
1)
#433000
0)
#433500
b100010 n
b110110010 u
1)
#434000
0)
#434500
b110110011 u
b100011 n
1)
#435000
0)
#435500
b100100 n
b110110100 u
1)
#436000
0)
#436500
b110110101 u
b100101 n
1)
#437000
0)
#437500
b100110 n
b110110110 u
1)
#438000
0)
#438500
b110110111 u
b100111 n
1)
#439000
0)
#439500
b101000 n
b110111000 u
1)
#440000
0)
#440500
b110111001 u
b101001 n
1)
#441000
0)
#441500
b101010 n
b110111010 u
1)
#442000
0)
#442500
b110111011 u
b101011 n
1)
#443000
0)
#443500
b101100 n
b110111100 u
1)
#444000
0)
#444500
b110111101 u
b101101 n
1)
#445000
0)
#445500
b101110 n
b110111110 u
1)
#446000
0)
#446500
b110111111 u
b101111 n
1)
#447000
0)
#447500
b110000 n
b111000000 u
1)
#448000
0)
#448500
b111000001 u
b110001 n
1)
#449000
0)
#449500
1k
b0 n
b111000010 u
1)
#450000
0)
#450500
1c
b111000011 u
b1 n
1l
1)
#451000
0)
#451500
0c
1m
b10 n
b111000100 u
1)
#452000
0)
#452500
b111000101 u
b11 n
1)
#453000
0)
#453500
b100 n
b111000110 u
1)
#454000
0)
#454500
b111000111 u
b101 n
1)
#455000
0)
#455500
b110 n
b111001000 u
1)
#456000
0)
#456500
b111001001 u
b111 n
1)
#457000
0)
#457500
b1000 n
b111001010 u
1)
#458000
0)
#458500
b111001011 u
b1001 n
1)
#459000
0)
#459500
b1010 n
b111001100 u
1)
#460000
0)
#460500
b111001101 u
b1011 n
1)
#461000
0)
#461500
b1100 n
b111001110 u
1)
#462000
0)
#462500
b111001111 u
b1101 n
1)
#463000
0)
#463500
b1110 n
b111010000 u
1)
#464000
0)
#464500
b111010001 u
b1111 n
1)
#465000
0)
#465500
b10000 n
b111010010 u
1)
#466000
0)
#466500
b111010011 u
b10001 n
1)
#467000
0)
#467500
b10010 n
b111010100 u
1)
#468000
0)
#468500
b111010101 u
b10011 n
1)
#469000
0)
#469500
b10100 n
b111010110 u
1)
#470000
0)
#470500
b111010111 u
b10101 n
1)
#471000
0)
#471500
b10110 n
b111011000 u
1)
#472000
0)
#472500
b111011001 u
b10111 n
1)
#473000
0)
#473500
b11000 n
b111011010 u
1)
#474000
0)
#474500
b111011011 u
b11001 n
1)
#475000
0)
#475500
b11010 n
b111011100 u
1)
#476000
0)
#476500
b111011101 u
b11011 n
1)
#477000
0)
#477500
b11100 n
b111011110 u
1)
#478000
0)
#478500
b111011111 u
b11101 n
1)
#479000
0)
#479500
b11110 n
b111100000 u
1)
#480000
0)
#480500
b111100001 u
b11111 n
1)
#481000
0)
#481500
b100000 n
b111100010 u
1)
#482000
0)
#482500
b111100011 u
b100001 n
1)
#483000
0)
#483500
b100010 n
b111100100 u
1)
#484000
0)
#484500
b111100101 u
b100011 n
1)
#485000
0)
#485500
b100100 n
b111100110 u
1)
#486000
0)
#486500
b111100111 u
b100101 n
1)
#487000
0)
#487500
b100110 n
b111101000 u
1)
#488000
0)
#488500
b111101001 u
b100111 n
1)
#489000
0)
#489500
b101000 n
b111101010 u
1)
#490000
0)
#490500
b111101011 u
b101001 n
1)
#491000
0)
#491500
b101010 n
b111101100 u
1)
#492000
0)
#492500
b111101101 u
b101011 n
1)
#493000
0)
#493500
b101100 n
b111101110 u
1)
#494000
0)
#494500
b111101111 u
b101101 n
1)
#495000
0)
#495500
b101110 n
b111110000 u
1)
#496000
0)
#496500
b111110001 u
b101111 n
1)
#497000
0)
#497500
b110000 n
b111110010 u
1)
#498000
0)
#498500
b111110011 u
b110001 n
1)
#499000
0)
#499500
0k
b0 n
1r
b0 u
1)
#500000
0)
#500500
1q
b1 u
1s
b1 n
0l
1)
#501000
0)
#501500
b1101111 "
b1101111 2
b1101111 H
b1101101 #
b1101101 4
b1101101 J
0q
b1101111 T
b1101101 S
b1001 U
0m
b10 n
b101 5
b101 K
b101 g
b101 v
b1011001 j
b1001 3
b1001 I
b1001 f
b1001 w
1t
b10 u
1)
#502000
0)
#502500
b11 u
b11 n
1)
#503000
0)
#503500
b100 n
b100 u
1)
#504000
0)
#504500
b101 u
b101 n
1)
#505000
0)
#505500
b110 n
b110 u
1)
#506000
0)
#506500
b111 u
b111 n
1)
#507000
0)
#507500
b1000 n
b1000 u
1)
#508000
0)
#508500
b1001 u
b1001 n
1)
#509000
0)
#509500
b1010 n
b1010 u
1)
#510000
0)
#510500
b1011 u
b1011 n
1)
#511000
0)
#511500
b1100 n
b1100 u
1)
#512000
0)
#512500
b1101 u
b1101 n
1)
#513000
0)
#513500
b1110 n
b1110 u
1)
#514000
0)
#514500
b1111 u
b1111 n
1)
#515000
0)
#515500
b10000 n
b10000 u
1)
#516000
0)
#516500
b10001 u
b10001 n
1)
#517000
0)
#517500
b10010 n
b10010 u
1)
#518000
0)
#518500
b10011 u
b10011 n
1)
#519000
0)
#519500
b10100 n
b10100 u
1)
#520000
0)
#520500
b10101 u
b10101 n
1)
#521000
0)
#521500
b10110 n
b10110 u
1)
#522000
0)
#522500
b10111 u
b10111 n
1)
#523000
0)
#523500
b11000 n
b11000 u
1)
#524000
0)
#524500
b11001 u
b11001 n
1)
#525000
0)
#525500
b11010 n
b11010 u
1)
#526000
0)
#526500
b11011 u
b11011 n
1)
#527000
0)
#527500
b11100 n
b11100 u
1)
#528000
0)
#528500
b11101 u
b11101 n
1)
#529000
0)
#529500
b11110 n
b11110 u
1)
#530000
0)
#530500
b11111 u
b11111 n
1)
#531000
0)
#531500
b100000 n
b100000 u
1)
#532000
0)
#532500
b100001 u
b100001 n
1)
#533000
0)
#533500
b100010 n
b100010 u
1)
#534000
0)
#534500
b100011 u
b100011 n
1)
#535000
0)
#535500
b100100 n
b100100 u
1)
#536000
0)
#536500
b100101 u
b100101 n
1)
#537000
0)
#537500
b100110 n
b100110 u
1)
#538000
0)
#538500
b100111 u
b100111 n
1)
#539000
0)
#539500
b101000 n
b101000 u
1)
#540000
0)
#540500
b101001 u
b101001 n
1)
#541000
0)
#541500
b101010 n
b101010 u
1)
#542000
0)
#542500
b101011 u
b101011 n
1)
#543000
0)
#543500
b101100 n
b101100 u
1)
#544000
0)
#544500
b101101 u
b101101 n
1)
#545000
0)
#545500
b101110 n
b101110 u
1)
#546000
0)
#546500
b101111 u
b101111 n
1)
#547000
0)
#547500
b110000 n
b110000 u
1)
#548000
0)
#548500
b110001 u
b110001 n
1)
#549000
0)
#549500
1k
b0 n
b110010 u
1)
#550000
0)
#550500
1c
b110011 u
b1 n
1l
1)
#551000
0)
#551500
0c
1m
b10 n
b110100 u
1)
#552000
0)
#552500
b110101 u
b11 n
1)
#553000
0)
#553500
b100 n
b110110 u
1)
#554000
0)
#554500
b110111 u
b101 n
1)
#555000
0)
#555500
b110 n
b111000 u
1)
#556000
0)
#556500
b111001 u
b111 n
1)
#557000
0)
#557500
b1000 n
b111010 u
1)
#558000
0)
#558500
b111011 u
b1001 n
1)
#559000
0)
#559500
b1010 n
b111100 u
1)
#560000
0)
#560500
b111101 u
b1011 n
1)
#561000
0)
#561500
b1100 n
b111110 u
1)
#562000
0)
#562500
b111111 u
b1101 n
1)
#563000
0)
#563500
b1110 n
b1000000 u
1)
#564000
0)
#564500
b1000001 u
b1111 n
1)
#565000
0)
#565500
b10000 n
b1000010 u
1)
#566000
0)
#566500
b1000011 u
b10001 n
1)
#567000
0)
#567500
b10010 n
b1000100 u
1)
#568000
0)
#568500
b1000101 u
b10011 n
1)
#569000
0)
#569500
b10100 n
b1000110 u
1)
#570000
0)
#570500
b1000111 u
b10101 n
1)
#571000
0)
#571500
b10110 n
b1001000 u
1)
#572000
0)
#572500
b1001001 u
b10111 n
1)
#573000
0)
#573500
b11000 n
b1001010 u
1)
#574000
0)
#574500
b1001011 u
b11001 n
1)
#575000
0)
#575500
b11010 n
b1001100 u
1)
#576000
0)
#576500
b1001101 u
b11011 n
1)
#577000
0)
#577500
b11100 n
b1001110 u
1)
#578000
0)
#578500
b1001111 u
b11101 n
1)
#579000
0)
#579500
b11110 n
b1010000 u
1)
#580000
0)
#580500
b1010001 u
b11111 n
1)
#581000
0)
#581500
b100000 n
b1010010 u
1)
#582000
0)
#582500
b1010011 u
b100001 n
1)
#583000
0)
#583500
b100010 n
b1010100 u
1)
#584000
0)
#584500
b1010101 u
b100011 n
1)
#585000
0)
#585500
b100100 n
b1010110 u
1)
#586000
0)
#586500
b1010111 u
b100101 n
1)
#587000
0)
#587500
b100110 n
b1011000 u
1)
#588000
0)
#588500
b1011001 u
b100111 n
1)
#589000
0)
#589500
b101000 n
b1011010 u
1)
#590000
0)
#590500
b1011011 u
b101001 n
1)
#591000
0)
#591500
b101010 n
b1011100 u
1)
#592000
0)
#592500
b1011101 u
b101011 n
1)
#593000
0)
#593500
b101100 n
b1011110 u
1)
#594000
0)
#594500
b1011111 u
b101101 n
1)
#595000
0)
#595500
b101110 n
b1100000 u
1)
#596000
0)
#596500
b1100001 u
b101111 n
1)
#597000
0)
#597500
b110000 n
b1100010 u
1)
#598000
0)
#598500
b1100011 u
b110001 n
1)
#599000
0)
#599500
0k
b0 n
b1100100 u
1)
#600000
0)
#600500
b1100101 u
b1 n
0l
1)
#601000
0)
#601500
0m
b10 n
b1100110 u
1)
#602000
0)
#602500
b1100111 u
b11 n
1)
#603000
0)
#603500
b100 n
b1101000 u
1)
#604000
0)
#604500
b1101001 u
b101 n
1)
#605000
0)
#605500
b110 n
b1101010 u
1)
#606000
0)
#606500
b1101011 u
b111 n
1)
#607000
0)
#607500
b1000 n
b1101100 u
1)
#608000
0)
#608500
b1101101 u
b1001 n
1)
#609000
0)
#609500
b1010 n
b1101110 u
1)
#610000
0)
#610500
b1101111 u
b1011 n
1)
#611000
0)
#611500
b1100 n
b1110000 u
1)
#612000
0)
#612500
b1110001 u
b1101 n
1)
#613000
0)
#613500
b1110 n
b1110010 u
1)
#614000
0)
#614500
b1110011 u
b1111 n
1)
#615000
0)
#615500
b10000 n
b1110100 u
1)
#616000
0)
#616500
b1110101 u
b10001 n
1)
#617000
0)
#617500
b10010 n
b1110110 u
1)
#618000
0)
#618500
b1110111 u
b10011 n
1)
#619000
0)
#619500
b10100 n
b1111000 u
1)
#620000
0)
#620500
b1111001 u
b10101 n
1)
#621000
0)
#621500
b10110 n
b1111010 u
1)
#622000
0)
#622500
b1111011 u
b10111 n
1)
#623000
0)
#623500
b11000 n
b1111100 u
1)
#624000
0)
#624500
b1111101 u
b11001 n
1)
#625000
0)
#625500
b11010 n
b1111110 u
1)
#626000
0)
#626500
b1111111 u
b11011 n
1)
#627000
0)
#627500
b11100 n
b10000000 u
1)
#628000
0)
#628500
b10000001 u
b11101 n
1)
#629000
0)
#629500
b11110 n
b10000010 u
1)
#630000
0)
#630500
b10000011 u
b11111 n
1)
#631000
0)
#631500
b100000 n
b10000100 u
1)
#632000
0)
#632500
b10000101 u
b100001 n
1)
#633000
0)
#633500
b100010 n
b10000110 u
1)
#634000
0)
#634500
b10000111 u
b100011 n
1)
#635000
0)
#635500
b100100 n
b10001000 u
1)
#636000
0)
#636500
b10001001 u
b100101 n
1)
#637000
0)
#637500
b100110 n
b10001010 u
1)
#638000
0)
#638500
b10001011 u
b100111 n
1)
#639000
0)
#639500
b101000 n
b10001100 u
1)
#640000
0)
#640500
b10001101 u
b101001 n
1)
#641000
0)
#641500
b101010 n
b10001110 u
1)
#642000
0)
#642500
b10001111 u
b101011 n
1)
#643000
0)
#643500
b101100 n
b10010000 u
1)
#644000
0)
#644500
b10010001 u
b101101 n
1)
#645000
0)
#645500
b101110 n
b10010010 u
1)
#646000
0)
#646500
b10010011 u
b101111 n
1)
#647000
0)
#647500
b110000 n
b10010100 u
1)
#648000
0)
#648500
b10010101 u
b110001 n
1)
#649000
0)
#649500
1k
b0 n
b10010110 u
1)
#650000
0)
#650500
1c
b10010111 u
b1 n
1l
1)
#651000
0)
#651500
0c
1m
b10 n
b10011000 u
1)
#652000
0)
#652500
b10011001 u
b11 n
1)
#653000
0)
#653500
b100 n
b10011010 u
1)
#654000
0)
#654500
b10011011 u
b101 n
1)
#655000
0)
#655500
b110 n
b10011100 u
1)
#656000
0)
#656500
b10011101 u
b111 n
1)
#657000
0)
#657500
b1000 n
b10011110 u
1)
#658000
0)
#658500
b10011111 u
b1001 n
1)
#659000
0)
#659500
b1010 n
b10100000 u
1)
#660000
0)
#660500
b10100001 u
b1011 n
1)
#661000
0)
#661500
b1100 n
b10100010 u
1)
#662000
0)
#662500
b10100011 u
b1101 n
1)
#663000
0)
#663500
b1110 n
b10100100 u
1)
#664000
0)
#664500
b10100101 u
b1111 n
1)
#665000
0)
#665500
b10000 n
b10100110 u
1)
#666000
0)
#666500
b10100111 u
b10001 n
1)
#667000
0)
#667500
b10010 n
b10101000 u
1)
#668000
0)
#668500
b10101001 u
b10011 n
1)
#669000
0)
#669500
b10100 n
b10101010 u
1)
#670000
0)
#670500
b10101011 u
b10101 n
1)
#671000
0)
#671500
b10110 n
b10101100 u
1)
#672000
0)
#672500
b10101101 u
b10111 n
1)
#673000
0)
#673500
b11000 n
b10101110 u
1)
#674000
0)
#674500
b10101111 u
b11001 n
1)
#675000
0)
#675500
b11010 n
b10110000 u
1)
#676000
0)
#676500
b10110001 u
b11011 n
1)
#677000
0)
#677500
b11100 n
b10110010 u
1)
#678000
0)
#678500
b10110011 u
b11101 n
1)
#679000
0)
#679500
b11110 n
b10110100 u
1)
#680000
0)
#680500
b10110101 u
b11111 n
1)
#681000
0)
#681500
b100000 n
b10110110 u
1)
#682000
0)
#682500
b10110111 u
b100001 n
1)
#683000
0)
#683500
b100010 n
b10111000 u
1)
#684000
0)
#684500
b10111001 u
b100011 n
1)
#685000
0)
#685500
b100100 n
b10111010 u
1)
#686000
0)
#686500
b10111011 u
b100101 n
1)
#687000
0)
#687500
b100110 n
b10111100 u
1)
#688000
0)
#688500
b10111101 u
b100111 n
1)
#689000
0)
#689500
b101000 n
b10111110 u
1)
#690000
0)
#690500
b10111111 u
b101001 n
1)
#691000
0)
#691500
b101010 n
b11000000 u
1)
#692000
0)
#692500
b11000001 u
b101011 n
1)
#693000
0)
#693500
b101100 n
b11000010 u
1)
#694000
0)
#694500
b11000011 u
b101101 n
1)
#695000
0)
#695500
b101110 n
b11000100 u
1)
#696000
0)
#696500
b11000101 u
b101111 n
1)
#697000
0)
#697500
b110000 n
b11000110 u
1)
#698000
0)
#698500
b11000111 u
b110001 n
1)
#699000
0)
#699500
0k
b0 n
b11001000 u
1)
#700000
0)
#700500
b11001001 u
b1 n
0l
1)
#701000
0)
#701500
0m
b10 n
b11001010 u
1)
#702000
0)
#702500
b11001011 u
b11 n
1)
#703000
0)
#703500
b100 n
b11001100 u
1)
#704000
0)
#704500
b11001101 u
b101 n
1)
#705000
0)
#705500
b110 n
b11001110 u
1)
#706000
0)
#706500
b11001111 u
b111 n
1)
#707000
0)
#707500
b1000 n
b11010000 u
1)
#708000
0)
#708500
b11010001 u
b1001 n
1)
#709000
0)
#709500
b1010 n
b11010010 u
1)
#710000
0)
#710500
b11010011 u
b1011 n
1)
#711000
0)
#711500
b1100 n
b11010100 u
1)
#712000
0)
#712500
b11010101 u
b1101 n
1)
#713000
0)
#713500
b1110 n
b11010110 u
1)
#714000
0)
#714500
b11010111 u
b1111 n
1)
#715000
0)
#715500
b10000 n
b11011000 u
1)
#716000
0)
#716500
b11011001 u
b10001 n
1)
#717000
0)
#717500
b10010 n
b11011010 u
1)
#718000
0)
#718500
b11011011 u
b10011 n
1)
#719000
0)
#719500
b10100 n
b11011100 u
1)
#720000
0)
#720500
b11011101 u
b10101 n
1)
#721000
0)
#721500
b10110 n
b11011110 u
1)
#722000
0)
#722500
b11011111 u
b10111 n
1)
#723000
0)
#723500
b11000 n
b11100000 u
1)
#724000
0)
#724500
b11100001 u
b11001 n
1)
#725000
0)
#725500
b11010 n
b11100010 u
1)
#726000
0)
#726500
b11100011 u
b11011 n
1)
#727000
0)
#727500
b11100 n
b11100100 u
1)
#728000
0)
#728500
b11100101 u
b11101 n
1)
#729000
0)
#729500
b11110 n
b11100110 u
1)
#730000
0)
#730500
b11100111 u
b11111 n
1)
#731000
0)
#731500
b100000 n
b11101000 u
1)
#732000
0)
#732500
b11101001 u
b100001 n
1)
#733000
0)
#733500
b100010 n
b11101010 u
1)
#734000
0)
#734500
b11101011 u
b100011 n
1)
#735000
0)
#735500
b100100 n
b11101100 u
1)
#736000
0)
#736500
b11101101 u
b100101 n
1)
#737000
0)
#737500
b100110 n
b11101110 u
1)
#738000
0)
#738500
b11101111 u
b100111 n
1)
#739000
0)
#739500
b101000 n
b11110000 u
1)
#740000
0)
#740500
b11110001 u
b101001 n
1)
#741000
0)
#741500
b101010 n
b11110010 u
1)
#742000
0)
#742500
b11110011 u
b101011 n
1)
#743000
0)
#743500
b101100 n
b11110100 u
1)
#744000
0)
#744500
b11110101 u
b101101 n
1)
#745000
0)
#745500
b101110 n
b11110110 u
1)
#746000
0)
#746500
b11110111 u
b101111 n
1)
#747000
0)
#747500
b110000 n
b11111000 u
1)
#748000
0)
#748500
b11111001 u
b110001 n
1)
#749000
0)
#749500
1k
b0 n
b11111010 u
1)
#750000
0)
#750500
1c
b11111011 u
b1 n
1l
1)
#751000
0)
#751500
0c
1m
b10 n
b11111100 u
1)
#752000
0)
#752500
b11111101 u
b11 n
1)
#753000
0)
#753500
b100 n
b11111110 u
1)
#754000
0)
#754500
b11111111 u
b101 n
1)
#755000
0)
#755500
b110 n
b100000000 u
1)
#756000
0)
#756500
b100000001 u
b111 n
1)
#757000
0)
#757500
b1000 n
b100000010 u
1)
#758000
0)
#758500
b100000011 u
b1001 n
1)
#759000
0)
#759500
b1010 n
b100000100 u
1)
#760000
0)
#760500
b100000101 u
b1011 n
1)
#761000
0)
#761500
b1100 n
b100000110 u
1)
#762000
0)
#762500
b100000111 u
b1101 n
1)
#763000
0)
#763500
b1110 n
b100001000 u
1)
#764000
0)
#764500
b100001001 u
b1111 n
1)
#765000
0)
#765500
b10000 n
b100001010 u
1)
#766000
0)
#766500
b100001011 u
b10001 n
1)
#767000
0)
#767500
b10010 n
b100001100 u
1)
#768000
0)
#768500
b100001101 u
b10011 n
1)
#769000
0)
#769500
b10100 n
b100001110 u
1)
#770000
0)
#770500
b100001111 u
b10101 n
1)
#771000
0)
#771500
b10110 n
b100010000 u
1)
#772000
0)
#772500
b100010001 u
b10111 n
1)
#773000
0)
#773500
b11000 n
b100010010 u
1)
#774000
0)
#774500
b100010011 u
b11001 n
1)
#775000
0)
#775500
b11010 n
b100010100 u
1)
#776000
0)
#776500
b100010101 u
b11011 n
1)
#777000
0)
#777500
b11100 n
b100010110 u
1)
#778000
0)
#778500
b100010111 u
b11101 n
1)
#779000
0)
#779500
b11110 n
b100011000 u
1)
#780000
0)
#780500
b100011001 u
b11111 n
1)
#781000
0)
#781500
b100000 n
b100011010 u
1)
#782000
0)
#782500
b100011011 u
b100001 n
1)
#783000
0)
#783500
b100010 n
b100011100 u
1)
#784000
0)
#784500
b100011101 u
b100011 n
1)
#785000
0)
#785500
b100100 n
b100011110 u
1)
#786000
0)
#786500
b100011111 u
b100101 n
1)
#787000
0)
#787500
b100110 n
b100100000 u
1)
#788000
0)
#788500
b100100001 u
b100111 n
1)
#789000
0)
#789500
b101000 n
b100100010 u
1)
#790000
0)
#790500
b100100011 u
b101001 n
1)
#791000
0)
#791500
b101010 n
b100100100 u
1)
#792000
0)
#792500
b100100101 u
b101011 n
1)
#793000
0)
#793500
b101100 n
b100100110 u
1)
#794000
0)
#794500
b100100111 u
b101101 n
1)
#795000
0)
#795500
b101110 n
b100101000 u
1)
#796000
0)
#796500
b100101001 u
b101111 n
1)
#797000
0)
#797500
b110000 n
b100101010 u
1)
#798000
0)
#798500
b100101011 u
b110001 n
1)
#799000
0)
#799500
0k
b0 n
b100101100 u
1)
#800000
0)
#800500
b100101101 u
b1 n
0l
1)
#801000
0)
#801500
0m
b10 n
b100101110 u
1)
#802000
0)
#802500
b100101111 u
b11 n
1)
#803000
0)
#803500
b100 n
b100110000 u
1)
#804000
0)
#804500
b100110001 u
b101 n
1)
#805000
0)
#805500
b110 n
b100110010 u
1)
#806000
0)
#806500
b100110011 u
b111 n
1)
#807000
0)
#807500
b1000 n
b100110100 u
1)
#808000
0)
#808500
b100110101 u
b1001 n
1)
#809000
0)
#809500
b1010 n
b100110110 u
1)
#810000
0)
#810500
b100110111 u
b1011 n
1)
#811000
0)
#811500
b1100 n
b100111000 u
1)
#812000
0)
#812500
b100111001 u
b1101 n
1)
#813000
0)
#813500
b1110 n
b100111010 u
1)
#814000
0)
#814500
b100111011 u
b1111 n
1)
#815000
0)
#815500
b10000 n
b100111100 u
1)
#816000
0)
#816500
b100111101 u
b10001 n
1)
#817000
0)
#817500
b10010 n
b100111110 u
1)
#818000
0)
#818500
b100111111 u
b10011 n
1)
#819000
0)
#819500
b10100 n
b101000000 u
1)
#820000
0)
#820500
b101000001 u
b10101 n
1)
#821000
0)
#821500
b10110 n
b101000010 u
1)
#822000
0)
#822500
b101000011 u
b10111 n
1)
#823000
0)
#823500
b11000 n
b101000100 u
1)
#824000
0)
#824500
b101000101 u
b11001 n
1)
#825000
0)
#825500
b11010 n
b101000110 u
1)
#826000
0)
#826500
b101000111 u
b11011 n
1)
#827000
0)
#827500
b11100 n
b101001000 u
1)
#828000
0)
#828500
b101001001 u
b11101 n
1)
#829000
0)
#829500
b11110 n
b101001010 u
1)
#830000
0)
#830500
b101001011 u
b11111 n
1)
#831000
0)
#831500
b100000 n
b101001100 u
1)
#832000
0)
#832500
b101001101 u
b100001 n
1)
#833000
0)
#833500
b100010 n
b101001110 u
1)
#834000
0)
#834500
b101001111 u
b100011 n
1)
#835000
0)
#835500
b100100 n
b101010000 u
1)
#836000
0)
#836500
b101010001 u
b100101 n
1)
#837000
0)
#837500
b100110 n
b101010010 u
1)
#838000
0)
#838500
b101010011 u
b100111 n
1)
#839000
0)
#839500
b101000 n
b101010100 u
1)
#840000
0)
#840500
b101010101 u
b101001 n
1)
#841000
0)
#841500
b101010 n
b101010110 u
1)
#842000
0)
#842500
b101010111 u
b101011 n
1)
#843000
0)
#843500
b101100 n
b101011000 u
1)
#844000
0)
#844500
b101011001 u
b101101 n
1)
#845000
0)
#845500
b101110 n
b101011010 u
1)
#846000
0)
#846500
b101011011 u
b101111 n
1)
#847000
0)
#847500
b110000 n
b101011100 u
1)
#848000
0)
#848500
b101011101 u
b110001 n
1)
#849000
0)
#849500
1k
b0 n
b101011110 u
1)
#850000
0)
#850500
1c
b101011111 u
b1 n
1l
1)
#851000
0)
#851500
0c
1m
b10 n
b101100000 u
1)
#852000
0)
#852500
b101100001 u
b11 n
1)
#853000
0)
#853500
b100 n
b101100010 u
1)
#854000
0)
#854500
b101100011 u
b101 n
1)
#855000
0)
#855500
b110 n
b101100100 u
1)
#856000
0)
#856500
b101100101 u
b111 n
1)
#857000
0)
#857500
b1000 n
b101100110 u
1)
#858000
0)
#858500
b101100111 u
b1001 n
1)
#859000
0)
#859500
b1010 n
b101101000 u
1)
#860000
0)
#860500
b101101001 u
b1011 n
1)
#861000
0)
#861500
b1100 n
b101101010 u
1)
#862000
0)
#862500
b101101011 u
b1101 n
1)
#863000
0)
#863500
b1110 n
b101101100 u
1)
#864000
0)
#864500
b101101101 u
b1111 n
1)
#865000
0)
#865500
b10000 n
b101101110 u
1)
#866000
0)
#866500
b101101111 u
b10001 n
1)
#867000
0)
#867500
b10010 n
b101110000 u
1)
#868000
0)
#868500
b101110001 u
b10011 n
1)
#869000
0)
#869500
b10100 n
b101110010 u
1)
#870000
0)
#870500
b101110011 u
b10101 n
1)
#871000
0)
#871500
b10110 n
b101110100 u
1)
#872000
0)
#872500
b101110101 u
b10111 n
1)
#873000
0)
#873500
b11000 n
b101110110 u
1)
#874000
0)
#874500
b101110111 u
b11001 n
1)
#875000
0)
#875500
b11010 n
b101111000 u
1)
#876000
0)
#876500
b101111001 u
b11011 n
1)
#877000
0)
#877500
b11100 n
b101111010 u
1)
#878000
0)
#878500
b101111011 u
b11101 n
1)
#879000
0)
#879500
b11110 n
b101111100 u
1)
#880000
0)
#880500
b101111101 u
b11111 n
1)
#881000
0)
#881500
b100000 n
b101111110 u
1)
#882000
0)
#882500
b101111111 u
b100001 n
1)
#883000
0)
#883500
b100010 n
b110000000 u
1)
#884000
0)
#884500
b110000001 u
b100011 n
1)
#885000
0)
#885500
b100100 n
b110000010 u
1)
#886000
0)
#886500
b110000011 u
b100101 n
1)
#887000
0)
#887500
b100110 n
b110000100 u
1)
#888000
0)
#888500
b110000101 u
b100111 n
1)
#889000
0)
#889500
b101000 n
b110000110 u
1)
#890000
0)
#890500
b110000111 u
b101001 n
1)
#891000
0)
#891500
b101010 n
b110001000 u
1)
#892000
0)
#892500
b110001001 u
b101011 n
1)
#893000
0)
#893500
b101100 n
b110001010 u
1)
#894000
0)
#894500
b110001011 u
b101101 n
1)
#895000
0)
#895500
b101110 n
b110001100 u
1)
#896000
0)
#896500
b110001101 u
b101111 n
1)
#897000
0)
#897500
b110000 n
b110001110 u
1)
#898000
0)
#898500
b110001111 u
b110001 n
1)
#899000
0)
#899500
0k
b0 n
b110010000 u
1)
#900000
0)
#900500
b110010001 u
b1 n
0l
1)
#901000
0)
#901500
0m
b10 n
b110010010 u
1)
#902000
0)
#902500
b110010011 u
b11 n
1)
#903000
0)
#903500
b100 n
b110010100 u
1)
#904000
0)
#904500
b110010101 u
b101 n
1)
#905000
0)
#905500
b110 n
b110010110 u
1)
#906000
0)
#906500
b110010111 u
b111 n
1)
#907000
0)
#907500
b1000 n
b110011000 u
1)
#908000
0)
#908500
b110011001 u
b1001 n
1)
#909000
0)
#909500
b1010 n
b110011010 u
1)
#910000
0)
#910500
b110011011 u
b1011 n
1)
#911000
0)
#911500
b1100 n
b110011100 u
1)
#912000
0)
#912500
b110011101 u
b1101 n
1)
#913000
0)
#913500
b1110 n
b110011110 u
1)
#914000
0)
#914500
b110011111 u
b1111 n
1)
#915000
0)
#915500
b10000 n
b110100000 u
1)
#916000
0)
#916500
b110100001 u
b10001 n
1)
#917000
0)
#917500
b10010 n
b110100010 u
1)
#918000
0)
#918500
b110100011 u
b10011 n
1)
#919000
0)
#919500
b10100 n
b110100100 u
1)
#920000
0)
#920500
b110100101 u
b10101 n
1)
#921000
0)
#921500
b10110 n
b110100110 u
1)
#922000
0)
#922500
b110100111 u
b10111 n
1)
#923000
0)
#923500
b11000 n
b110101000 u
1)
#924000
0)
#924500
b110101001 u
b11001 n
1)
#925000
0)
#925500
b11010 n
b110101010 u
1)
#926000
0)
#926500
b110101011 u
b11011 n
1)
#927000
0)
#927500
b11100 n
b110101100 u
1)
#928000
0)
#928500
b110101101 u
b11101 n
1)
#929000
0)
#929500
b11110 n
b110101110 u
1)
#930000
0)
#930500
b110101111 u
b11111 n
1)
#931000
0)
#931500
b100000 n
b110110000 u
1)
#932000
0)
#932500
b110110001 u
b100001 n
1)
#933000
0)
#933500
b100010 n
b110110010 u
1)
#934000
0)
#934500
b110110011 u
b100011 n
1)
#935000
0)
#935500
b100100 n
b110110100 u
1)
#936000
0)
#936500
b110110101 u
b100101 n
1)
#937000
0)
#937500
b100110 n
b110110110 u
1)
#938000
0)
#938500
b110110111 u
b100111 n
1)
#939000
0)
#939500
b101000 n
b110111000 u
1)
#940000
0)
#940500
b110111001 u
b101001 n
1)
#941000
0)
#941500
b101010 n
b110111010 u
1)
#942000
0)
#942500
b110111011 u
b101011 n
1)
#943000
0)
#943500
b101100 n
b110111100 u
1)
#944000
0)
#944500
b110111101 u
b101101 n
1)
#945000
0)
#945500
b101110 n
b110111110 u
1)
#946000
0)
#946500
b110111111 u
b101111 n
1)
#947000
0)
#947500
b110000 n
b111000000 u
1)
#948000
0)
#948500
b111000001 u
b110001 n
1)
#949000
0)
#949500
1k
b0 n
b111000010 u
1)
#950000
0)
#950500
1c
b111000011 u
b1 n
1l
1)
#951000
0)
#951500
0c
1m
b10 n
b111000100 u
1)
#952000
0)
#952500
b111000101 u
b11 n
1)
#953000
0)
#953500
b100 n
b111000110 u
1)
#954000
0)
#954500
b111000111 u
b101 n
1)
#955000
0)
#955500
b110 n
b111001000 u
1)
#956000
0)
#956500
b111001001 u
b111 n
1)
#957000
0)
#957500
b1000 n
b111001010 u
1)
#958000
0)
#958500
b111001011 u
b1001 n
1)
#959000
0)
#959500
b1010 n
b111001100 u
1)
#960000
0)
#960500
b111001101 u
b1011 n
1)
#961000
0)
#961500
b1100 n
b111001110 u
1)
#962000
0)
#962500
b111001111 u
b1101 n
1)
#963000
0)
#963500
b1110 n
b111010000 u
1)
#964000
0)
#964500
b111010001 u
b1111 n
1)
#965000
0)
#965500
b10000 n
b111010010 u
1)
#966000
0)
#966500
b111010011 u
b10001 n
1)
#967000
0)
#967500
b10010 n
b111010100 u
1)
#968000
0)
#968500
b111010101 u
b10011 n
1)
#969000
0)
#969500
b10100 n
b111010110 u
1)
#970000
0)
#970500
b111010111 u
b10101 n
1)
#971000
0)
#971500
b10110 n
b111011000 u
1)
#972000
0)
#972500
b111011001 u
b10111 n
1)
#973000
0)
#973500
b11000 n
b111011010 u
1)
#974000
0)
#974500
b111011011 u
b11001 n
1)
#975000
0)
#975500
b11010 n
b111011100 u
1)
#976000
0)
#976500
b111011101 u
b11011 n
1)
#977000
0)
#977500
b11100 n
b111011110 u
1)
#978000
0)
#978500
b111011111 u
b11101 n
1)
#979000
0)
#979500
b11110 n
b111100000 u
1)
#980000
0)
#980500
b111100001 u
b11111 n
1)
#981000
0)
#981500
b100000 n
b111100010 u
1)
#982000
0)
#982500
b111100011 u
b100001 n
1)
#983000
0)
#983500
b100010 n
b111100100 u
1)
#984000
0)
#984500
b111100101 u
b100011 n
1)
#985000
0)
#985500
b100100 n
b111100110 u
1)
#986000
0)
#986500
b111100111 u
b100101 n
1)
#987000
0)
#987500
b100110 n
b111101000 u
1)
#988000
0)
#988500
b111101001 u
b100111 n
1)
#989000
0)
#989500
b101000 n
b111101010 u
1)
#990000
0)
#990500
b111101011 u
b101001 n
1)
#991000
0)
#991500
b101010 n
b111101100 u
1)
#992000
0)
#992500
b111101101 u
b101011 n
1)
#993000
0)
#993500
b101100 n
b111101110 u
1)
#994000
0)
#994500
b111101111 u
b101101 n
1)
#995000
0)
#995500
b101110 n
b111110000 u
1)
#996000
0)
#996500
b111110001 u
b101111 n
1)
#997000
0)
#997500
b110000 n
b111110010 u
1)
#998000
0)
#998500
b111110011 u
b110001 n
1)
#999000
0)
#999500
0k
b0 n
0r
b0 u
1)
#1000000
0)
#1000500
b1 u
0s
b1 n
0l
1)
#1001000
0)
#1001500
0m
b10 n
0t
b10 u
1)
#1002000
0)
#1002500
b11 u
b11 n
1)
#1003000
0)
#1003500
b100 n
b100 u
1)
#1004000
0)
#1004500
b101 u
b101 n
1)
#1005000
0)
#1005500
b110 n
b110 u
1)
#1006000
0)
#1006500
b111 u
b111 n
1)
#1007000
0)
#1007500
b1000 n
b1000 u
1)
#1008000
0)
#1008500
b1001 u
b1001 n
1)
#1009000
0)
#1009500
b1010 n
b1010 u
1)
#1010000
0)
#1010500
b1011 u
b1011 n
1)
#1011000
0)
#1011500
b1100 n
b1100 u
1)
#1012000
0)
#1012500
b1101 u
b1101 n
1)
#1013000
0)
#1013500
b1110 n
b1110 u
1)
#1014000
0)
#1014500
b1111 u
b1111 n
1)
#1015000
0)
#1015500
b10000 n
b10000 u
1)
#1016000
0)
#1016500
b10001 u
b10001 n
1)
#1017000
0)
#1017500
b10010 n
b10010 u
1)
#1018000
0)
#1018500
b10011 u
b10011 n
1)
#1019000
0)
#1019500
b10100 n
b10100 u
1)
#1020000
0)
#1020500
b10101 u
b10101 n
1)
#1021000
0)
#1021500
b10110 n
b10110 u
1)
#1022000
0)
#1022500
b10111 u
b10111 n
1)
#1023000
0)
#1023500
b11000 n
b11000 u
1)
#1024000
0)
#1024500
b11001 u
b11001 n
1)
#1025000
0)
#1025500
b11010 n
b11010 u
1)
#1026000
0)
#1026500
b11011 u
b11011 n
1)
#1027000
0)
#1027500
b11100 n
b11100 u
1)
#1028000
0)
#1028500
b11101 u
b11101 n
1)
#1029000
0)
#1029500
b11110 n
b11110 u
1)
#1030000
0)
#1030500
b11111 u
b11111 n
1)
#1031000
0)
#1031500
b100000 n
b100000 u
1)
#1032000
0)
#1032500
b100001 u
b100001 n
1)
#1033000
0)
#1033500
b100010 n
b100010 u
1)
#1034000
0)
#1034500
b100011 u
b100011 n
1)
#1035000
0)
#1035500
b100100 n
b100100 u
1)
#1036000
0)
#1036500
b100101 u
b100101 n
1)
#1037000
0)
#1037500
b100110 n
b100110 u
1)
#1038000
0)
#1038500
b100111 u
b100111 n
1)
#1039000
0)
#1039500
b101000 n
b101000 u
1)
#1040000
0)
#1040500
b101001 u
b101001 n
1)
#1041000
0)
#1041500
b101010 n
b101010 u
1)
#1042000
0)
#1042500
b101011 u
b101011 n
1)
#1043000
0)
#1043500
b101100 n
b101100 u
1)
#1044000
0)
#1044500
b101101 u
b101101 n
1)
#1045000
0)
#1045500
b101110 n
b101110 u
1)
#1046000
0)
#1046500
b101111 u
b101111 n
1)
#1047000
0)
#1047500
b110000 n
b110000 u
1)
#1048000
0)
#1048500
b110001 u
b110001 n
1)
#1049000
0)
#1049500
1k
b0 n
b110010 u
1)
#1050000
0)
#1050500
1c
b110011 u
b1 n
1l
1)
#1051000
0)
#1051500
0c
1m
b10 n
b110100 u
1)
#1052000
0)
#1052500
b110101 u
b11 n
1)
#1053000
0)
#1053500
b100 n
b110110 u
1)
#1054000
0)
#1054500
b110111 u
b101 n
1)
#1055000
0)
#1055500
b110 n
b111000 u
1)
#1056000
0)
#1056500
b111001 u
b111 n
1)
#1057000
0)
#1057500
b1000 n
b111010 u
1)
#1058000
0)
#1058500
b111011 u
b1001 n
1)
#1059000
0)
#1059500
b1010 n
b111100 u
1)
#1060000
0)
#1060500
b111101 u
b1011 n
1)
#1061000
0)
#1061500
b1100 n
b111110 u
1)
#1062000
0)
#1062500
b111111 u
b1101 n
1)
#1063000
0)
#1063500
b1110 n
b1000000 u
1)
#1064000
0)
#1064500
b1000001 u
b1111 n
1)
#1065000
0)
#1065500
b10000 n
b1000010 u
1)
#1066000
0)
#1066500
b1000011 u
b10001 n
1)
#1067000
0)
#1067500
b10010 n
b1000100 u
1)
#1068000
0)
#1068500
b1000101 u
b10011 n
1)
#1069000
0)
#1069500
b10100 n
b1000110 u
1)
#1070000
0)
#1070500
b1000111 u
b10101 n
1)
#1071000
0)
#1071500
b10110 n
b1001000 u
1)
#1072000
0)
#1072500
b1001001 u
b10111 n
1)
#1073000
0)
#1073500
b11000 n
b1001010 u
1)
#1074000
0)
#1074500
b1001011 u
b11001 n
1)
#1075000
0)
#1075500
b11010 n
b1001100 u
1)
#1076000
0)
#1076500
b1001101 u
b11011 n
1)
#1077000
0)
#1077500
b11100 n
b1001110 u
1)
#1078000
0)
#1078500
b1001111 u
b11101 n
1)
#1079000
0)
#1079500
b11110 n
b1010000 u
1)
#1080000
0)
#1080500
b1010001 u
b11111 n
1)
#1081000
0)
#1081500
b100000 n
b1010010 u
1)
#1082000
0)
#1082500
b1010011 u
b100001 n
1)
#1083000
0)
#1083500
b100010 n
b1010100 u
1)
#1084000
0)
#1084500
b1010101 u
b100011 n
1)
#1085000
0)
#1085500
b100100 n
b1010110 u
1)
#1086000
0)
#1086500
b1010111 u
b100101 n
1)
#1087000
0)
#1087500
b100110 n
b1011000 u
1)
#1088000
0)
#1088500
b1011001 u
b100111 n
1)
#1089000
0)
#1089500
b101000 n
b1011010 u
1)
#1090000
0)
#1090500
b1011011 u
b101001 n
1)
#1091000
0)
#1091500
b101010 n
b1011100 u
1)
#1092000
0)
#1092500
b1011101 u
b101011 n
1)
#1093000
0)
#1093500
b101100 n
b1011110 u
1)
#1094000
0)
#1094500
b1011111 u
b101101 n
1)
#1095000
0)
#1095500
b101110 n
b1100000 u
1)
#1096000
0)
#1096500
b1100001 u
b101111 n
1)
#1097000
0)
#1097500
b110000 n
b1100010 u
1)
#1098000
0)
#1098500
b1100011 u
b110001 n
1)
#1099000
0)
#1099500
0k
b0 n
b1100100 u
1)
#1100000
0)
#1100500
b1100101 u
b1 n
0l
1)
#1101000
0)
#1101500
0m
b10 n
b1100110 u
1)
#1102000
0)
#1102500
b1100111 u
b11 n
1)
#1103000
0)
#1103500
b100 n
b1101000 u
1)
#1104000
0)
#1104500
b1101001 u
b101 n
1)
#1105000
0)
#1105500
b110 n
b1101010 u
1)
#1106000
0)
#1106500
b1101011 u
b111 n
1)
#1107000
0)
#1107500
b1000 n
b1101100 u
1)
#1108000
0)
#1108500
b1101101 u
b1001 n
1)
#1109000
0)
#1109500
b1010 n
b1101110 u
1)
#1110000
0)
#1110500
b1101111 u
b1011 n
1)
#1111000
0)
#1111500
b1100 n
b1110000 u
1)
#1112000
0)
#1112500
b1110001 u
b1101 n
1)
#1113000
0)
#1113500
b1110 n
b1110010 u
1)
#1114000
0)
#1114500
b1110011 u
b1111 n
1)
#1115000
0)
#1115500
b10000 n
b1110100 u
1)
#1116000
0)
#1116500
b1110101 u
b10001 n
1)
#1117000
0)
#1117500
b10010 n
b1110110 u
1)
#1118000
0)
#1118500
b1110111 u
b10011 n
1)
#1119000
0)
#1119500
b10100 n
b1111000 u
1)
#1120000
0)
#1120500
b1111001 u
b10101 n
1)
#1121000
0)
#1121500
b10110 n
b1111010 u
1)
#1122000
0)
#1122500
b1111011 u
b10111 n
1)
#1123000
0)
#1123500
b11000 n
b1111100 u
1)
#1124000
0)
#1124500
b1111101 u
b11001 n
1)
#1125000
0)
#1125500
b11010 n
b1111110 u
1)
#1126000
0)
#1126500
b1111111 u
b11011 n
1)
#1127000
0)
#1127500
b11100 n
b10000000 u
1)
#1128000
0)
#1128500
b10000001 u
b11101 n
1)
#1129000
0)
#1129500
b11110 n
b10000010 u
1)
#1130000
0)
#1130500
b10000011 u
b11111 n
1)
#1131000
0)
#1131500
b100000 n
b10000100 u
1)
#1132000
0)
#1132500
b10000101 u
b100001 n
1)
#1133000
0)
#1133500
b100010 n
b10000110 u
1)
#1134000
0)
#1134500
b10000111 u
b100011 n
1)
#1135000
0)
#1135500
b100100 n
b10001000 u
1)
#1136000
0)
#1136500
b10001001 u
b100101 n
1)
#1137000
0)
#1137500
b100110 n
b10001010 u
1)
#1138000
0)
#1138500
b10001011 u
b100111 n
1)
#1139000
0)
#1139500
b101000 n
b10001100 u
1)
#1140000
0)
#1140500
b10001101 u
b101001 n
1)
#1141000
0)
#1141500
b101010 n
b10001110 u
1)
#1142000
0)
#1142500
b10001111 u
b101011 n
1)
#1143000
0)
#1143500
b101100 n
b10010000 u
1)
#1144000
0)
#1144500
b10010001 u
b101101 n
1)
#1145000
0)
#1145500
b101110 n
b10010010 u
1)
#1146000
0)
#1146500
b10010011 u
b101111 n
1)
#1147000
0)
#1147500
b110000 n
b10010100 u
1)
#1148000
0)
#1148500
b10010101 u
b110001 n
1)
#1149000
0)
#1149500
1k
b0 n
b10010110 u
1)
#1150000
0)
#1150500
1c
b10010111 u
b1 n
1l
1)
#1151000
0)
#1151500
0c
1m
b10 n
b10011000 u
1)
#1152000
0)
#1152500
b10011001 u
b11 n
1)
#1153000
0)
#1153500
b100 n
b10011010 u
1)
#1154000
0)
#1154500
b10011011 u
b101 n
1)
#1155000
0)
#1155500
b110 n
b10011100 u
1)
#1156000
0)
#1156500
b10011101 u
b111 n
1)
#1157000
0)
#1157500
b1000 n
b10011110 u
1)
#1158000
0)
#1158500
b10011111 u
b1001 n
1)
#1159000
0)
#1159500
b1010 n
b10100000 u
1)
#1160000
0)
#1160500
b10100001 u
b1011 n
1)
#1161000
0)
#1161500
b1100 n
b10100010 u
1)
#1162000
0)
#1162500
b10100011 u
b1101 n
1)
#1163000
0)
#1163500
b1110 n
b10100100 u
1)
#1164000
0)
#1164500
b10100101 u
b1111 n
1)
#1165000
0)
#1165500
b10000 n
b10100110 u
1)
#1166000
0)
#1166500
b10100111 u
b10001 n
1)
#1167000
0)
#1167500
b10010 n
b10101000 u
1)
#1168000
0)
#1168500
b10101001 u
b10011 n
1)
#1169000
0)
#1169500
b10100 n
b10101010 u
1)
#1170000
0)
#1170500
b10101011 u
b10101 n
1)
#1171000
0)
#1171500
b10110 n
b10101100 u
1)
#1172000
0)
#1172500
b10101101 u
b10111 n
1)
#1173000
0)
#1173500
b11000 n
b10101110 u
1)
#1174000
0)
#1174500
b10101111 u
b11001 n
1)
#1175000
0)
#1175500
b11010 n
b10110000 u
1)
#1176000
0)
#1176500
b10110001 u
b11011 n
1)
#1177000
0)
#1177500
b11100 n
b10110010 u
1)
#1178000
0)
#1178500
b10110011 u
b11101 n
1)
#1179000
0)
#1179500
b11110 n
b10110100 u
1)
#1180000
0)
#1180500
b10110101 u
b11111 n
1)
#1181000
0)
#1181500
b100000 n
b10110110 u
1)
#1182000
0)
#1182500
b10110111 u
b100001 n
1)
#1183000
0)
#1183500
b100010 n
b10111000 u
1)
#1184000
0)
#1184500
b10111001 u
b100011 n
1)
#1185000
0)
#1185500
b100100 n
b10111010 u
1)
#1186000
0)
#1186500
b10111011 u
b100101 n
1)
#1187000
0)
#1187500
b100110 n
b10111100 u
1)
#1188000
0)
#1188500
b10111101 u
b100111 n
1)
#1189000
0)
#1189500
b101000 n
b10111110 u
1)
#1190000
0)
#1190500
b10111111 u
b101001 n
1)
#1191000
0)
#1191500
b101010 n
b11000000 u
1)
#1192000
0)
#1192500
b11000001 u
b101011 n
1)
#1193000
0)
#1193500
b101100 n
b11000010 u
1)
#1194000
0)
#1194500
b11000011 u
b101101 n
1)
#1195000
0)
#1195500
b101110 n
b11000100 u
1)
#1196000
0)
#1196500
b11000101 u
b101111 n
1)
#1197000
0)
#1197500
b110000 n
b11000110 u
1)
#1198000
0)
#1198500
b11000111 u
b110001 n
1)
#1199000
0)
#1199500
0k
b0 n
b11001000 u
1)
#1200000
0)
#1200500
b11001001 u
b1 n
0l
1)
#1201000
0)
#1201500
0m
b10 n
b11001010 u
1)
#1202000
0)
#1202500
b11001011 u
b11 n
1)
#1203000
0)
#1203500
b100 n
b11001100 u
1)
#1204000
0)
#1204500
b11001101 u
b101 n
1)
#1205000
0)
#1205500
b110 n
b11001110 u
1)
#1206000
0)
#1206500
b11001111 u
b111 n
1)
#1207000
0)
#1207500
b1000 n
b11010000 u
1)
#1208000
0)
#1208500
b11010001 u
b1001 n
1)
#1209000
0)
#1209500
b1010 n
b11010010 u
1)
#1210000
0)
#1210500
b11010011 u
b1011 n
1)
#1211000
0)
#1211500
b1100 n
b11010100 u
1)
#1212000
0)
#1212500
b11010101 u
b1101 n
1)
#1213000
0)
#1213500
b1110 n
b11010110 u
1)
#1214000
0)
#1214500
b11010111 u
b1111 n
1)
#1215000
0)
#1215500
b10000 n
b11011000 u
1)
#1216000
0)
#1216500
b11011001 u
b10001 n
1)
#1217000
0)
#1217500
b10010 n
b11011010 u
1)
#1218000
0)
#1218500
b11011011 u
b10011 n
1)
#1219000
0)
#1219500
b10100 n
b11011100 u
1)
#1220000
0)
#1220500
b11011101 u
b10101 n
1)
#1221000
0)
#1221500
b10110 n
b11011110 u
1)
#1222000
0)
#1222500
b11011111 u
b10111 n
1)
#1223000
0)
#1223500
b11000 n
b11100000 u
1)
#1224000
0)
#1224500
b11100001 u
b11001 n
1)
#1225000
0)
#1225500
b11010 n
b11100010 u
1)
#1226000
0)
#1226500
b11100011 u
b11011 n
1)
#1227000
0)
#1227500
b11100 n
b11100100 u
1)
#1228000
0)
#1228500
b11100101 u
b11101 n
1)
#1229000
0)
#1229500
b11110 n
b11100110 u
1)
#1230000
0)
#1230500
b11100111 u
b11111 n
1)
#1231000
0)
#1231500
b100000 n
b11101000 u
1)
#1232000
0)
#1232500
b11101001 u
b100001 n
1)
#1233000
0)
#1233500
b100010 n
b11101010 u
1)
#1234000
0)
#1234500
b11101011 u
b100011 n
1)
#1235000
0)
#1235500
b100100 n
b11101100 u
1)
#1236000
0)
#1236500
b11101101 u
b100101 n
1)
#1237000
0)
#1237500
b100110 n
b11101110 u
1)
#1238000
0)
#1238500
b11101111 u
b100111 n
1)
#1239000
0)
#1239500
b101000 n
b11110000 u
1)
#1240000
0)
#1240500
b11110001 u
b101001 n
1)
#1241000
0)
#1241500
b101010 n
b11110010 u
1)
#1242000
0)
#1242500
b11110011 u
b101011 n
1)
#1243000
0)
#1243500
b101100 n
b11110100 u
1)
#1244000
0)
#1244500
b11110101 u
b101101 n
1)
#1245000
0)
#1245500
b101110 n
b11110110 u
1)
#1246000
0)
#1246500
b11110111 u
b101111 n
1)
#1247000
0)
#1247500
b110000 n
b11111000 u
1)
#1248000
0)
#1248500
b11111001 u
b110001 n
1)
#1249000
0)
#1249500
1k
b0 n
b11111010 u
1)
#1250000
0)
#1250500
1c
b11111011 u
b1 n
1l
1)
#1251000
0)
#1251500
0c
1m
b10 n
b11111100 u
1)
#1252000
0)
#1252500
b11111101 u
b11 n
1)
#1253000
0)
#1253500
b100 n
b11111110 u
1)
#1254000
0)
#1254500
b11111111 u
b101 n
1)
#1255000
0)
#1255500
b110 n
b100000000 u
1)
#1256000
0)
#1256500
b100000001 u
b111 n
1)
#1257000
0)
#1257500
b1000 n
b100000010 u
1)
#1258000
0)
#1258500
b100000011 u
b1001 n
1)
#1259000
0)
#1259500
b1010 n
b100000100 u
1)
#1260000
0)
#1260500
b100000101 u
b1011 n
1)
#1261000
0)
#1261500
b1100 n
b100000110 u
1)
#1262000
0)
#1262500
b100000111 u
b1101 n
1)
#1263000
0)
#1263500
b1110 n
b100001000 u
1)
#1264000
0)
#1264500
b100001001 u
b1111 n
1)
#1265000
0)
#1265500
b10000 n
b100001010 u
1)
#1266000
0)
#1266500
b100001011 u
b10001 n
1)
#1267000
0)
#1267500
b10010 n
b100001100 u
1)
#1268000
0)
#1268500
b100001101 u
b10011 n
1)
#1269000
0)
#1269500
b10100 n
b100001110 u
1)
#1270000
0)
#1270500
b100001111 u
b10101 n
1)
#1271000
0)
#1271500
b10110 n
b100010000 u
1)
#1272000
0)
#1272500
b100010001 u
b10111 n
1)
#1273000
0)
#1273500
b11000 n
b100010010 u
1)
#1274000
0)
#1274500
b100010011 u
b11001 n
1)
#1275000
0)
#1275500
b11010 n
b100010100 u
1)
#1276000
0)
#1276500
b100010101 u
b11011 n
1)
#1277000
0)
#1277500
b11100 n
b100010110 u
1)
#1278000
0)
#1278500
b100010111 u
b11101 n
1)
#1279000
0)
#1279500
b11110 n
b100011000 u
1)
#1280000
0)
#1280500
b100011001 u
b11111 n
1)
#1281000
0)
#1281500
b100000 n
b100011010 u
1)
#1282000
0)
#1282500
b100011011 u
b100001 n
1)
#1283000
0)
#1283500
b100010 n
b100011100 u
1)
#1284000
0)
#1284500
b100011101 u
b100011 n
1)
#1285000
0)
#1285500
b100100 n
b100011110 u
1)
#1286000
0)
#1286500
b100011111 u
b100101 n
1)
#1287000
0)
#1287500
b100110 n
b100100000 u
1)
#1288000
0)
#1288500
b100100001 u
b100111 n
1)
#1289000
0)
#1289500
b101000 n
b100100010 u
1)
#1290000
0)
#1290500
b100100011 u
b101001 n
1)
#1291000
0)
#1291500
b101010 n
b100100100 u
1)
#1292000
0)
#1292500
b100100101 u
b101011 n
1)
#1293000
0)
#1293500
b101100 n
b100100110 u
1)
#1294000
0)
#1294500
b100100111 u
b101101 n
1)
#1295000
0)
#1295500
b101110 n
b100101000 u
1)
#1296000
0)
#1296500
b100101001 u
b101111 n
1)
#1297000
0)
#1297500
b110000 n
b100101010 u
1)
#1298000
0)
#1298500
b100101011 u
b110001 n
1)
#1299000
0)
#1299500
0k
b0 n
b100101100 u
1)
#1300000
0)
#1300500
b100101101 u
b1 n
0l
1)
#1301000
0)
#1301500
0m
b10 n
b100101110 u
1)
#1302000
0)
#1302500
b100101111 u
b11 n
1)
#1303000
0)
#1303500
b100 n
b100110000 u
1)
#1304000
0)
#1304500
b100110001 u
b101 n
1)
#1305000
0)
#1305500
b110 n
b100110010 u
1)
#1306000
0)
#1306500
b100110011 u
b111 n
1)
#1307000
0)
#1307500
b1000 n
b100110100 u
1)
#1308000
0)
#1308500
b100110101 u
b1001 n
1)
#1309000
0)
#1309500
b1010 n
b100110110 u
1)
#1310000
0)
#1310500
b100110111 u
b1011 n
1)
#1311000
0)
#1311500
b1100 n
b100111000 u
1)
#1312000
0)
#1312500
b100111001 u
b1101 n
1)
#1313000
0)
#1313500
b1110 n
b100111010 u
1)
#1314000
0)
#1314500
b100111011 u
b1111 n
1)
#1315000
0)
#1315500
b10000 n
b100111100 u
1)
#1316000
0)
#1316500
b100111101 u
b10001 n
1)
#1317000
0)
#1317500
b10010 n
b100111110 u
1)
#1318000
0)
#1318500
b100111111 u
b10011 n
1)
#1319000
0)
#1319500
b10100 n
b101000000 u
1)
#1320000
0)
#1320500
b101000001 u
b10101 n
1)
#1321000
0)
#1321500
b10110 n
b101000010 u
1)
#1322000
0)
#1322500
b101000011 u
b10111 n
1)
#1323000
0)
#1323500
b11000 n
b101000100 u
1)
#1324000
0)
#1324500
b101000101 u
b11001 n
1)
#1325000
0)
#1325500
b11010 n
b101000110 u
1)
#1326000
0)
#1326500
b101000111 u
b11011 n
1)
#1327000
0)
#1327500
b11100 n
b101001000 u
1)
#1328000
0)
#1328500
b101001001 u
b11101 n
1)
#1329000
0)
#1329500
b11110 n
b101001010 u
1)
#1330000
0)
#1330500
b101001011 u
b11111 n
1)
#1331000
0)
#1331500
b100000 n
b101001100 u
1)
#1332000
0)
#1332500
b101001101 u
b100001 n
1)
#1333000
0)
#1333500
b100010 n
b101001110 u
1)
#1334000
0)
#1334500
b101001111 u
b100011 n
1)
#1335000
0)
#1335500
b100100 n
b101010000 u
1)
#1336000
0)
#1336500
b101010001 u
b100101 n
1)
#1337000
0)
#1337500
b100110 n
b101010010 u
1)
#1338000
0)
#1338500
b101010011 u
b100111 n
1)
#1339000
0)
#1339500
b101000 n
b101010100 u
1)
#1340000
0)
#1340500
b101010101 u
b101001 n
1)
#1341000
0)
#1341500
b101010 n
b101010110 u
1)
#1342000
0)
#1342500
b101010111 u
b101011 n
1)
#1343000
0)
#1343500
b101100 n
b101011000 u
1)
#1344000
0)
#1344500
b101011001 u
b101101 n
1)
#1345000
0)
#1345500
b101110 n
b101011010 u
1)
#1346000
0)
#1346500
b101011011 u
b101111 n
1)
#1347000
0)
#1347500
b110000 n
b101011100 u
1)
#1348000
0)
#1348500
b101011101 u
b110001 n
1)
#1349000
0)
#1349500
1k
b0 n
b101011110 u
1)
#1350000
0)
#1350500
1c
b101011111 u
b1 n
1l
1)
#1351000
0)
#1351500
0c
1m
b10 n
b101100000 u
1)
#1352000
0)
#1352500
b101100001 u
b11 n
1)
#1353000
0)
#1353500
b100 n
b101100010 u
1)
#1354000
0)
#1354500
b101100011 u
b101 n
1)
#1355000
0)
#1355500
b110 n
b101100100 u
1)
#1356000
0)
#1356500
b101100101 u
b111 n
1)
#1357000
0)
#1357500
b1000 n
b101100110 u
1)
#1358000
0)
#1358500
b101100111 u
b1001 n
1)
#1359000
0)
#1359500
b1010 n
b101101000 u
1)
#1360000
0)
#1360500
b101101001 u
b1011 n
1)
#1361000
0)
#1361500
b1100 n
b101101010 u
1)
#1362000
0)
#1362500
b101101011 u
b1101 n
1)
#1363000
0)
#1363500
b1110 n
b101101100 u
1)
#1364000
0)
#1364500
b101101101 u
b1111 n
1)
#1365000
0)
#1365500
b10000 n
b101101110 u
1)
#1366000
0)
#1366500
b101101111 u
b10001 n
1)
#1367000
0)
#1367500
b10010 n
b101110000 u
1)
#1368000
0)
#1368500
b101110001 u
b10011 n
1)
#1369000
0)
#1369500
b10100 n
b101110010 u
1)
#1370000
0)
#1370500
b101110011 u
b10101 n
1)
#1371000
b111111 "
b111111 2
b111111 H
b111111 T
b0 U
0)
b1010000 j
b0 3
b0 I
b0 f
b0 w
b101 5
b101 K
b101 g
b101 v
#1371500
b10110 n
b101110100 u
1)
#1372000
0)
b0 3
b0 I
b0 f
b0 w
#1372500
b101110101 u
b10111 n
1)
#1373000
0)
#1373500
b11000 n
b101110110 u
1)
#1374000
0)
#1374500
b101110111 u
b11001 n
1)
#1375000
0)
#1375500
b11010 n
b101111000 u
1)
#1376000
0)
#1376500
b101111001 u
b11011 n
1)
#1377000
0)
#1377500
b11100 n
b101111010 u
1)
#1378000
0)
#1378500
b101111011 u
b11101 n
1)
#1379000
0)
#1379500
b11110 n
b101111100 u
1)
#1380000
0)
#1380500
b101111101 u
b11111 n
1)
#1381000
0)
#1381500
b100000 n
b101111110 u
1)
#1382000
0)
#1382500
b101111111 u
b100001 n
1)
#1383000
0)
#1383500
b100010 n
b110000000 u
1)
#1384000
0)
#1384500
b110000001 u
b100011 n
1)
#1385000
0)
#1385500
b100100 n
b110000010 u
1)
#1386000
0)
#1386500
b110000011 u
b100101 n
1)
#1387000
0)
#1387500
b100110 n
b110000100 u
1)
#1388000
0)
#1388500
b110000101 u
b100111 n
1)
#1389000
0)
#1389500
b101000 n
b110000110 u
1)
#1390000
0)
#1390500
b110000111 u
b101001 n
1)
#1391000
0)
#1391500
b101010 n
b110001000 u
1)
#1392000
0)
#1392500
b110001001 u
b101011 n
1)
#1393000
0)
#1393500
b101100 n
b110001010 u
1)
#1394000
0)
#1394500
b110001011 u
b101101 n
1)
#1395000
0)
#1395500
b101110 n
b110001100 u
1)
#1396000
0)
#1396500
b110001101 u
b101111 n
1)
#1397000
0)
#1397500
b110000 n
b110001110 u
1)
#1398000
0)
#1398500
b110001111 u
b110001 n
1)
#1399000
0)
#1399500
0k
b0 n
b110010000 u
1)
#1400000
0)
#1400500
b110010001 u
b1 n
0l
1)
#1401000
0)
#1401500
0m
b10 n
b110010010 u
1)
#1402000
0)
#1402500
b110010011 u
b11 n
1)
#1403000
0)
#1403500
b100 n
b110010100 u
1)
#1404000
0)
#1404500
b110010101 u
b101 n
1)
#1405000
0)
#1405500
b110 n
b110010110 u
1)
#1406000
0)
#1406500
b110010111 u
b111 n
1)
#1407000
0)
#1407500
b1000 n
b110011000 u
1)
#1408000
0)
#1408500
b110011001 u
b1001 n
1)
#1409000
0)
#1409500
b1010 n
b110011010 u
1)
#1410000
0)
#1410500
b110011011 u
b1011 n
1)
#1411000
0)
#1411500
b1100 n
b110011100 u
1)
#1412000
0)
#1412500
b110011101 u
b1101 n
1)
#1413000
0)
#1413500
b1110 n
b110011110 u
1)
#1414000
0)
#1414500
b110011111 u
b1111 n
1)
#1415000
0)
#1415500
b10000 n
b110100000 u
1)
#1416000
0)
#1416500
b110100001 u
b10001 n
1)
#1417000
0)
#1417500
b10010 n
b110100010 u
1)
#1418000
0)
#1418500
b110100011 u
b10011 n
1)
#1419000
0)
#1419500
b10100 n
b110100100 u
1)
#1420000
0)
#1420500
b110100101 u
b10101 n
1)
#1421000
0)
#1421500
b10110 n
b110100110 u
1)
#1422000
0)
#1422500
b110100111 u
b10111 n
1)
#1423000
0)
#1423500
b11000 n
b110101000 u
1)
#1424000
0)
#1424500
b110101001 u
b11001 n
1)
#1425000
0)
#1425500
b11010 n
b110101010 u
1)
#1426000
0)
#1426500
b110101011 u
b11011 n
1)
#1427000
0)
#1427500
b11100 n
b110101100 u
1)
#1428000
0)
#1428500
b110101101 u
b11101 n
1)
#1429000
0)
#1429500
b11110 n
b110101110 u
1)
#1430000
0)
#1430500
b110101111 u
b11111 n
1)
#1431000
0)
#1431500
b100000 n
b110110000 u
1)
#1432000
0)
#1432500
b110110001 u
b100001 n
1)
#1433000
0)
#1433500
b100010 n
b110110010 u
1)
#1434000
0)
#1434500
b110110011 u
b100011 n
1)
#1435000
0)
#1435500
b100100 n
b110110100 u
1)
#1436000
0)
#1436500
b110110101 u
b100101 n
1)
#1437000
0)
#1437500
b100110 n
b110110110 u
1)
#1438000
0)
#1438500
b110110111 u
b100111 n
1)
#1439000
0)
#1439500
b101000 n
b110111000 u
1)
#1440000
0)
#1440500
b110111001 u
b101001 n
1)
#1441000
0)
#1441500
b101010 n
b110111010 u
1)
#1442000
0)
#1442500
b110111011 u
b101011 n
1)
#1443000
0)
#1443500
b101100 n
b110111100 u
1)
#1444000
0)
#1444500
b110111101 u
b101101 n
1)
#1445000
0)
#1445500
b101110 n
b110111110 u
1)
#1446000
0)
#1446500
b110111111 u
b101111 n
1)
#1447000
0)
#1447500
b110000 n
b111000000 u
1)
#1448000
0)
#1448500
b111000001 u
b110001 n
1)
#1449000
0)
#1449500
1k
b0 n
b111000010 u
1)
#1450000
0)
#1450500
1c
b111000011 u
b1 n
1l
1)
#1451000
0)
#1451500
0c
1m
b10 n
b111000100 u
1)
#1452000
0)
#1452500
b111000101 u
b11 n
1)
#1453000
0)
#1453500
b100 n
b111000110 u
1)
#1454000
0)
#1454500
b111000111 u
b101 n
1)
#1455000
0)
#1455500
b110 n
b111001000 u
1)
#1456000
0)
#1456500
b111001001 u
b111 n
1)
#1457000
0)
#1457500
b1000 n
b111001010 u
1)
#1458000
0)
#1458500
b111001011 u
b1001 n
1)
#1459000
0)
#1459500
b1010 n
b111001100 u
1)
#1460000
0)
#1460500
b111001101 u
b1011 n
1)
#1461000
0)
#1461500
b1100 n
b111001110 u
1)
#1462000
0)
#1462500
b111001111 u
b1101 n
1)
#1463000
0)
#1463500
b1110 n
b111010000 u
1)
#1464000
0)
#1464500
b111010001 u
b1111 n
1)
#1465000
0)
#1465500
b10000 n
b111010010 u
1)
#1466000
0)
#1466500
b111010011 u
b10001 n
1)
#1467000
0)
#1467500
b10010 n
b111010100 u
1)
#1468000
0)
#1468500
b111010101 u
b10011 n
1)
#1469000
0)
#1469500
b10100 n
b111010110 u
1)
#1470000
0)
#1470500
b111010111 u
b10101 n
1)
#1471000
0)
#1471500
b10110 n
b111011000 u
1)
#1472000
0)
#1472500
b111011001 u
b10111 n
1)
#1473000
0)
#1473500
b11000 n
b111011010 u
1)
#1474000
0)
#1474500
b111011011 u
b11001 n
1)
#1475000
0)
#1475500
b11010 n
b111011100 u
1)
#1476000
0)
#1476500
b111011101 u
b11011 n
1)
#1477000
0)
#1477500
b11100 n
b111011110 u
1)
#1478000
0)
#1478500
b111011111 u
b11101 n
1)
#1479000
0)
#1479500
b11110 n
b111100000 u
1)
#1480000
0)
#1480500
b111100001 u
b11111 n
1)
#1481000
0)
#1481500
b100000 n
b111100010 u
1)
#1482000
0)
#1482500
b111100011 u
b100001 n
1)
#1483000
0)
#1483500
b100010 n
b111100100 u
1)
#1484000
0)
#1484500
b111100101 u
b100011 n
1)
#1485000
0)
#1485500
b100100 n
b111100110 u
1)
#1486000
0)
#1486500
b111100111 u
b100101 n
1)
#1487000
0)
#1487500
b100110 n
b111101000 u
1)
#1488000
0)
#1488500
b111101001 u
b100111 n
1)
#1489000
0)
#1489500
b101000 n
b111101010 u
1)
#1490000
0)
#1490500
b111101011 u
b101001 n
1)
#1491000
0)
#1491500
b101010 n
b111101100 u
1)
#1492000
0)
#1492500
b111101101 u
b101011 n
1)
#1493000
0)
#1493500
b101100 n
b111101110 u
1)
#1494000
0)
#1494500
b111101111 u
b101101 n
1)
#1495000
0)
#1495500
b101110 n
b111110000 u
1)
#1496000
0)
#1496500
b111110001 u
b101111 n
1)
#1497000
0)
#1497500
b110000 n
b111110010 u
1)
#1498000
0)
#1498500
b111110011 u
b110001 n
1)
#1499000
0)
#1499500
0k
b0 n
1r
b0 u
1)
#1500000
0)
#1500500
1q
b1 u
1s
b1 n
0l
1)
#1500600
b110 #
b110 4
b110 J
b110 S
b0 U
b0 3
b0 I
b0 f
b0 w
b10000 j
b1 5
b1 K
b1 g
b1 v
b1 ,
#1501000
0)
#1501500
0q
0m
b10 n
b1 5
b1 K
b1 g
b1 v
b0 3
b0 I
b0 f
b0 w
1t
b10 u
1)
#1501600
b0 3
b0 I
b0 f
b0 w
b1 5
b1 K
b1 g
b1 v
#1502000
0)
#1502500
b11 u
b11 n
1)
#1503000
0)
#1503500
b100 n
b100 u
1)
#1504000
0)
#1504500
b101 u
b101 n
1)
#1505000
0)
#1505500
b110 n
b110 u
1)
#1506000
0)
#1506500
b111 u
b111 n
1)
#1507000
0)
#1507500
b1000 n
b1000 u
1)
#1508000
0)
#1508500
b1001 u
b1001 n
1)
#1509000
0)
#1509500
b1010 n
b1010 u
1)
#1510000
0)
#1510500
b1011 u
b1011 n
1)
#1511000
0)
#1511500
b1100 n
b1100 u
1)
#1512000
0)
#1512500
b1101 u
b1101 n
1)
#1513000
0)
#1513500
b1110 n
b1110 u
1)
#1514000
0)
#1514500
b1111 u
b1111 n
1)
#1515000
0)
#1515500
b10000 n
b10000 u
1)
#1516000
0)
#1516500
b10001 u
b10001 n
1)
#1517000
0)
#1517500
b10010 n
b10010 u
1)
#1518000
0)
#1518500
b10011 u
b10011 n
1)
#1519000
0)
#1519500
b10100 n
b10100 u
1)
#1520000
0)
#1520500
b10101 u
b10101 n
1)
#1521000
0)
#1521500
b10110 n
b10110 u
1)
#1522000
0)
#1522500
b10111 u
b10111 n
1)
#1523000
0)
#1523500
b11000 n
b11000 u
1)
#1524000
0)
#1524500
b11001 u
b11001 n
1)
#1525000
0)
#1525500
b11010 n
b11010 u
1)
#1526000
0)
#1526500
b11011 u
b11011 n
1)
#1527000
0)
#1527500
b11100 n
b11100 u
1)
#1528000
0)
#1528500
b11101 u
b11101 n
1)
#1529000
0)
#1529500
b11110 n
b11110 u
1)
#1530000
0)
#1530500
b11111 u
b11111 n
1)
#1531000
0)
#1531500
b100000 n
b100000 u
1)
#1532000
0)
#1532500
b100001 u
b100001 n
1)
#1533000
0)
#1533500
b100010 n
b100010 u
1)
#1534000
0)
#1534500
b100011 u
b100011 n
1)
#1535000
0)
#1535500
b100100 n
b100100 u
1)
#1536000
0)
#1536500
b100101 u
b100101 n
1)
#1537000
0)
#1537500
b100110 n
b100110 u
1)
#1538000
0)
#1538500
b100111 u
b100111 n
1)
#1539000
0)
#1539500
b101000 n
b101000 u
1)
#1540000
0)
#1540500
b101001 u
b101001 n
1)
#1541000
0)
#1541500
b101010 n
b101010 u
1)
#1542000
0)
#1542500
b101011 u
b101011 n
1)
#1543000
0)
#1543500
b101100 n
b101100 u
1)
#1544000
0)
#1544500
b101101 u
b101101 n
1)
#1545000
0)
#1545500
b101110 n
b101110 u
1)
#1546000
0)
#1546500
b101111 u
b101111 n
1)
#1547000
0)
#1547500
b110000 n
b110000 u
1)
#1548000
0)
#1548500
b110001 u
b110001 n
1)
#1549000
0)
#1549500
1k
b0 n
b110010 u
1)
#1550000
0)
#1550500
1c
b110011 u
b1 n
1l
1)
#1551000
0)
#1551500
0c
1m
b10 n
b110100 u
1)
#1552000
0)
#1552500
b110101 u
b11 n
1)
#1553000
0)
#1553500
b100 n
b110110 u
1)
#1554000
0)
#1554500
b110111 u
b101 n
1)
#1555000
0)
#1555500
b110 n
b111000 u
1)
#1556000
0)
#1556500
b111001 u
b111 n
1)
#1557000
0)
#1557500
b1000 n
b111010 u
1)
#1558000
0)
#1558500
b111011 u
b1001 n
1)
#1559000
0)
#1559500
b1010 n
b111100 u
1)
#1560000
0)
#1560500
b111101 u
b1011 n
1)
#1561000
0)
#1561500
b1100 n
b111110 u
1)
#1562000
0)
#1562500
b111111 u
b1101 n
1)
#1563000
0)
#1563500
b1110 n
b1000000 u
1)
#1564000
0)
#1564500
b1000001 u
b1111 n
1)
#1565000
0)
#1565500
b10000 n
b1000010 u
1)
#1566000
0)
#1566500
b1000011 u
b10001 n
1)
#1567000
0)
#1567500
b10010 n
b1000100 u
1)
#1568000
0)
#1568500
b1000101 u
b10011 n
1)
#1569000
0)
#1569500
b10100 n
b1000110 u
1)
#1570000
0)
#1570500
b1000111 u
b10101 n
1)
#1571000
0)
#1571500
b10110 n
b1001000 u
1)
#1572000
0)
#1572500
b1001001 u
b10111 n
1)
#1573000
0)
#1573500
b11000 n
b1001010 u
1)
#1574000
0)
#1574500
b1001011 u
b11001 n
1)
#1575000
0)
#1575500
b11010 n
b1001100 u
1)
#1576000
0)
#1576500
b1001101 u
b11011 n
1)
#1577000
0)
#1577500
b11100 n
b1001110 u
1)
#1578000
0)
#1578500
b1001111 u
b11101 n
1)
#1579000
0)
#1579500
b11110 n
b1010000 u
1)
#1580000
0)
#1580500
b1010001 u
b11111 n
1)
#1581000
0)
#1581500
b100000 n
b1010010 u
1)
#1582000
0)
#1582500
b1010011 u
b100001 n
1)
#1583000
0)
#1583500
b100010 n
b1010100 u
1)
#1584000
0)
#1584500
b1010101 u
b100011 n
1)
#1585000
0)
#1585500
b100100 n
b1010110 u
1)
#1586000
0)
#1586500
b1010111 u
b100101 n
1)
#1587000
0)
#1587500
b100110 n
b1011000 u
1)
#1588000
0)
#1588500
b1011001 u
b100111 n
1)
#1589000
0)
#1589500
b101000 n
b1011010 u
1)
#1590000
0)
#1590500
b1011011 u
b101001 n
1)
#1591000
0)
#1591500
b101010 n
b1011100 u
1)
#1592000
0)
#1592500
b1011101 u
b101011 n
1)
#1593000
0)
#1593500
b101100 n
b1011110 u
1)
#1594000
0)
#1594500
b1011111 u
b101101 n
1)
#1595000
0)
#1595500
b101110 n
b1100000 u
1)
#1596000
0)
#1596500
b1100001 u
b101111 n
1)
#1597000
0)
#1597500
b110000 n
b1100010 u
1)
#1598000
0)
#1598500
b1100011 u
b110001 n
1)
#1599000
0)
#1599500
0k
b0 n
b1100100 u
1)
#1600000
0)
#1600500
b1100101 u
b1 n
0l
1)
#1601000
0)
#1601500
0m
b10 n
b1100110 u
1)
#1602000
0)
#1602500
b1100111 u
b11 n
1)
#1603000
0)
#1603500
b100 n
b1101000 u
1)
#1604000
0)
#1604500
b1101001 u
b101 n
1)
#1605000
0)
#1605500
b110 n
b1101010 u
1)
#1606000
0)
#1606500
b1101011 u
b111 n
1)
#1607000
0)
#1607500
b1000 n
b1101100 u
1)
#1608000
0)
#1608500
b1101101 u
b1001 n
1)
#1609000
0)
#1609500
b1010 n
b1101110 u
1)
#1610000
0)
#1610500
b1101111 u
b1011 n
1)
#1611000
0)
#1611500
b1100 n
b1110000 u
1)
#1612000
0)
#1612500
b1110001 u
b1101 n
1)
#1613000
0)
#1613500
b1110 n
b1110010 u
1)
#1614000
0)
#1614500
b1110011 u
b1111 n
1)
#1615000
0)
#1615500
b10000 n
b1110100 u
1)
#1616000
0)
#1616500
b1110101 u
b10001 n
1)
#1617000
0)
#1617500
b10010 n
b1110110 u
1)
#1618000
0)
#1618500
b1110111 u
b10011 n
1)
#1619000
0)
#1619500
b10100 n
b1111000 u
1)
#1620000
0)
#1620500
b1111001 u
b10101 n
1)
#1621000
0)
#1621500
b10110 n
b1111010 u
1)
#1622000
0)
#1622500
b1111011 u
b10111 n
1)
#1623000
0)
#1623500
b11000 n
b1111100 u
1)
#1624000
0)
#1624500
b1111101 u
b11001 n
1)
#1625000
0)
#1625500
b11010 n
b1111110 u
1)
#1626000
0)
#1626500
b1111111 u
b11011 n
1)
#1627000
0)
#1627500
b11100 n
b10000000 u
1)
#1628000
0)
#1628500
b10000001 u
b11101 n
1)
#1629000
0)
#1629500
b11110 n
b10000010 u
1)
#1630000
0)
#1630500
b10000011 u
b11111 n
1)
#1631000
0)
#1631500
b100000 n
b10000100 u
1)
#1632000
0)
#1632500
b10000101 u
b100001 n
1)
#1633000
0)
#1633500
b100010 n
b10000110 u
1)
#1634000
0)
#1634500
b10000111 u
b100011 n
1)
#1635000
0)
#1635500
b100100 n
b10001000 u
1)
#1636000
0)
#1636500
b10001001 u
b100101 n
1)
#1637000
0)
#1637500
b100110 n
b10001010 u
1)
#1638000
0)
#1638500
b10001011 u
b100111 n
1)
#1639000
0)
#1639500
b101000 n
b10001100 u
1)
#1640000
0)
#1640500
b10001101 u
b101001 n
1)
#1641000
0)
#1641500
b101010 n
b10001110 u
1)
#1642000
0)
#1642500
b10001111 u
b101011 n
1)
#1643000
0)
#1643500
b101100 n
b10010000 u
1)
#1644000
0)
#1644500
b10010001 u
b101101 n
1)
#1645000
0)
#1645500
b101110 n
b10010010 u
1)
#1646000
0)
#1646500
b10010011 u
b101111 n
1)
#1647000
0)
#1647500
b110000 n
b10010100 u
1)
#1648000
0)
#1648500
b10010101 u
b110001 n
1)
#1649000
0)
#1649500
1k
b0 n
b10010110 u
1)
#1650000
0)
#1650500
1c
b10010111 u
b1 n
1l
1)
#1651000
0)
#1651500
0c
1m
b10 n
b10011000 u
1)
#1652000
0)
#1652500
b10011001 u
b11 n
1)
#1653000
0)
#1653500
b100 n
b10011010 u
1)
#1654000
0)
#1654500
b10011011 u
b101 n
1)
#1655000
0)
#1655500
b110 n
b10011100 u
1)
#1656000
0)
#1656500
b10011101 u
b111 n
1)
#1657000
0)
#1657500
b1000 n
b10011110 u
1)
#1658000
0)
#1658500
b10011111 u
b1001 n
1)
#1659000
0)
#1659500
b1010 n
b10100000 u
1)
#1660000
0)
#1660500
b10100001 u
b1011 n
1)
#1661000
0)
#1661500
b1100 n
b10100010 u
1)
#1662000
0)
#1662500
b10100011 u
b1101 n
1)
#1663000
0)
#1663500
b1110 n
b10100100 u
1)
#1664000
0)
#1664500
b10100101 u
b1111 n
1)
#1665000
0)
#1665500
b10000 n
b10100110 u
1)
#1666000
0)
#1666500
b10100111 u
b10001 n
1)
#1667000
0)
#1667500
b10010 n
b10101000 u
1)
#1668000
0)
#1668500
b10101001 u
b10011 n
1)
#1669000
0)
#1669500
b10100 n
b10101010 u
1)
#1670000
0)
#1670500
b10101011 u
b10101 n
1)
#1671000
0)
#1671500
b10110 n
b10101100 u
1)
#1672000
0)
#1672500
b10101101 u
b10111 n
1)
#1673000
0)
#1673500
b11000 n
b10101110 u
1)
#1674000
0)
#1674500
b10101111 u
b11001 n
1)
#1675000
0)
#1675500
b11010 n
b10110000 u
1)
#1676000
0)
#1676500
b10110001 u
b11011 n
1)
#1677000
0)
#1677500
b11100 n
b10110010 u
1)
#1678000
0)
#1678500
b10110011 u
b11101 n
1)
#1679000
0)
#1679500
b11110 n
b10110100 u
1)
#1680000
0)
#1680500
b10110101 u
b11111 n
1)
#1681000
0)
#1681500
b100000 n
b10110110 u
1)
#1682000
0)
#1682500
b10110111 u
b100001 n
1)
#1683000
0)
#1683500
b100010 n
b10111000 u
1)
#1684000
0)
#1684500
b10111001 u
b100011 n
1)
#1685000
0)
#1685500
b100100 n
b10111010 u
1)
#1686000
0)
#1686500
b10111011 u
b100101 n
1)
#1687000
0)
#1687500
b100110 n
b10111100 u
1)
#1688000
0)
#1688500
b10111101 u
b100111 n
1)
#1689000
0)
#1689500
b101000 n
b10111110 u
1)
#1690000
0)
#1690500
b10111111 u
b101001 n
1)
#1691000
0)
#1691500
b101010 n
b11000000 u
1)
#1692000
0)
#1692500
b11000001 u
b101011 n
1)
#1693000
0)
#1693500
b101100 n
b11000010 u
1)
#1694000
0)
#1694500
b11000011 u
b101101 n
1)
#1695000
0)
#1695500
b101110 n
b11000100 u
1)
#1696000
0)
#1696500
b11000101 u
b101111 n
1)
#1697000
0)
#1697500
b110000 n
b11000110 u
1)
#1698000
0)
#1698500
b11000111 u
b110001 n
1)
#1699000
0)
#1699500
0k
b0 n
b11001000 u
1)
#1700000
0)
#1700500
b11001001 u
b1 n
0l
1)
#1701000
0)
#1701500
0m
b10 n
b11001010 u
1)
#1702000
0)
#1702500
b11001011 u
b11 n
1)
#1703000
0)
#1703500
b100 n
b11001100 u
1)
#1704000
0)
#1704500
b11001101 u
b101 n
1)
#1705000
0)
#1705500
b110 n
b11001110 u
1)
#1706000
0)
#1706500
b11001111 u
b111 n
1)
#1707000
0)
#1707500
b1000 n
b11010000 u
1)
#1708000
0)
#1708500
b11010001 u
b1001 n
1)
#1709000
0)
#1709500
b1010 n
b11010010 u
1)
#1710000
0)
#1710500
b11010011 u
b1011 n
1)
#1711000
0)
#1711500
b1100 n
b11010100 u
1)
#1712000
0)
#1712500
b11010101 u
b1101 n
1)
#1713000
0)
#1713500
b1110 n
b11010110 u
1)
#1714000
0)
#1714500
b11010111 u
b1111 n
1)
#1715000
0)
#1715500
b10000 n
b11011000 u
1)
#1716000
0)
#1716500
b11011001 u
b10001 n
1)
#1717000
0)
#1717500
b10010 n
b11011010 u
1)
#1718000
0)
#1718500
b11011011 u
b10011 n
1)
#1719000
0)
#1719500
b10100 n
b11011100 u
1)
#1720000
0)
#1720500
b11011101 u
b10101 n
1)
#1721000
0)
#1721500
b10110 n
b11011110 u
1)
#1722000
0)
#1722500
b11011111 u
b10111 n
1)
#1723000
0)
#1723500
b11000 n
b11100000 u
1)
#1724000
0)
#1724500
b11100001 u
b11001 n
1)
#1725000
0)
#1725500
b11010 n
b11100010 u
1)
#1726000
0)
#1726500
b11100011 u
b11011 n
1)
#1727000
0)
#1727500
b11100 n
b11100100 u
1)
#1728000
0)
#1728500
b11100101 u
b11101 n
1)
#1729000
0)
#1729500
b11110 n
b11100110 u
1)
#1730000
0)
#1730500
b11100111 u
b11111 n
1)
#1731000
0)
#1731500
b100000 n
b11101000 u
1)
#1732000
0)
#1732500
b11101001 u
b100001 n
1)
#1733000
0)
#1733500
b100010 n
b11101010 u
1)
#1734000
0)
#1734500
b11101011 u
b100011 n
1)
#1735000
0)
#1735500
b100100 n
b11101100 u
1)
#1736000
0)
#1736500
b11101101 u
b100101 n
1)
#1737000
0)
#1737500
b100110 n
b11101110 u
1)
#1738000
0)
#1738500
b11101111 u
b100111 n
1)
#1739000
0)
#1739500
b101000 n
b11110000 u
1)
#1740000
0)
#1740500
b11110001 u
b101001 n
1)
#1741000
0)
#1741500
b101010 n
b11110010 u
1)
#1742000
0)
#1742500
b11110011 u
b101011 n
1)
#1743000
0)
#1743500
b101100 n
b11110100 u
1)
#1744000
0)
#1744500
b11110101 u
b101101 n
1)
#1745000
0)
#1745500
b101110 n
b11110110 u
1)
#1746000
0)
#1746500
b11110111 u
b101111 n
1)
#1747000
0)
#1747500
b110000 n
b11111000 u
1)
#1748000
0)
#1748500
b11111001 u
b110001 n
1)
#1749000
0)
#1749500
1k
b0 n
b11111010 u
1)
#1750000
0)
#1750500
1c
b11111011 u
b1 n
1l
1)
#1751000
0)
#1751500
0c
1m
b10 n
b11111100 u
1)
#1752000
0)
#1752500
b11111101 u
b11 n
1)
#1753000
0)
#1753500
b100 n
b11111110 u
1)
#1754000
0)
#1754500
b11111111 u
b101 n
1)
#1755000
0)
#1755500
b110 n
b100000000 u
1)
#1756000
0)
#1756500
b100000001 u
b111 n
1)
#1757000
0)
#1757500
b1000 n
b100000010 u
1)
#1758000
0)
#1758500
b100000011 u
b1001 n
1)
#1759000
0)
#1759500
b1010 n
b100000100 u
1)
#1760000
0)
#1760500
b100000101 u
b1011 n
1)
#1761000
0)
#1761500
b1100 n
b100000110 u
1)
#1762000
0)
#1762500
b100000111 u
b1101 n
1)
#1763000
0)
#1763500
b1110 n
b100001000 u
1)
#1764000
0)
#1764500
b100001001 u
b1111 n
1)
#1765000
0)
#1765500
b10000 n
b100001010 u
1)
#1766000
0)
#1766500
b100001011 u
b10001 n
1)
#1767000
0)
#1767500
b10010 n
b100001100 u
1)
#1768000
0)
#1768500
b100001101 u
b10011 n
1)
#1769000
0)
#1769500
b10100 n
b100001110 u
1)
#1770000
0)
#1770500
b100001111 u
b10101 n
1)
#1771000
0)
#1771500
b10110 n
b100010000 u
1)
#1772000
0)
#1772500
b100010001 u
b10111 n
1)
#1773000
0)
#1773500
b11000 n
b100010010 u
1)
#1774000
0)
#1774500
b100010011 u
b11001 n
1)
#1775000
0)
#1775500
b11010 n
b100010100 u
1)
#1776000
0)
#1776500
b100010101 u
b11011 n
1)
#1777000
0)
#1777500
b11100 n
b100010110 u
1)
#1778000
0)
#1778500
b100010111 u
b11101 n
1)
#1779000
0)
#1779500
b11110 n
b100011000 u
1)
#1780000
0)
#1780500
b100011001 u
b11111 n
1)
#1781000
0)
#1781500
b100000 n
b100011010 u
1)
#1782000
0)
#1782500
b100011011 u
b100001 n
1)
#1783000
0)
#1783500
b100010 n
b100011100 u
1)
#1784000
0)
#1784500
b100011101 u
b100011 n
1)
#1785000
0)
#1785500
b100100 n
b100011110 u
1)
#1786000
0)
#1786500
b100011111 u
b100101 n
1)
#1787000
0)
#1787500
b100110 n
b100100000 u
1)
#1788000
0)
#1788500
b100100001 u
b100111 n
1)
#1789000
0)
#1789500
b101000 n
b100100010 u
1)
#1790000
0)
#1790500
b100100011 u
b101001 n
1)
#1791000
0)
#1791500
b101010 n
b100100100 u
1)
#1792000
0)
#1792500
b100100101 u
b101011 n
1)
#1793000
0)
#1793500
b101100 n
b100100110 u
1)
#1794000
0)
#1794500
b100100111 u
b101101 n
1)
#1795000
0)
#1795500
b101110 n
b100101000 u
1)
#1796000
0)
#1796500
b100101001 u
b101111 n
1)
#1797000
0)
#1797500
b110000 n
b100101010 u
1)
#1798000
0)
#1798500
b100101011 u
b110001 n
1)
#1799000
0)
#1799500
0k
b0 n
b100101100 u
1)
#1800000
0)
#1800500
b100101101 u
b1 n
0l
1)
#1801000
0)
#1801500
0m
b10 n
b100101110 u
1)
#1802000
0)
#1802500
b100101111 u
b11 n
1)
#1803000
0)
#1803500
b100 n
b100110000 u
1)
#1804000
0)
#1804500
b100110001 u
b101 n
1)
#1805000
0)
#1805500
b110 n
b100110010 u
1)
#1806000
0)
#1806500
b100110011 u
b111 n
1)
#1807000
0)
#1807500
b1000 n
b100110100 u
1)
#1808000
0)
#1808500
b100110101 u
b1001 n
1)
#1809000
0)
#1809500
b1010 n
b100110110 u
1)
#1810000
0)
#1810500
b100110111 u
b1011 n
1)
#1811000
0)
#1811500
b1100 n
b100111000 u
1)
#1812000
0)
#1812500
b100111001 u
b1101 n
1)
#1813000
0)
#1813500
b1110 n
b100111010 u
1)
#1814000
0)
#1814500
b100111011 u
b1111 n
1)
#1815000
0)
#1815500
b10000 n
b100111100 u
1)
#1816000
0)
#1816500
b100111101 u
b10001 n
1)
#1817000
0)
#1817500
b10010 n
b100111110 u
1)
#1818000
0)
#1818500
b100111111 u
b10011 n
1)
#1819000
0)
#1819500
b10100 n
b101000000 u
1)
#1820000
0)
#1820500
b101000001 u
b10101 n
1)
#1821000
0)
#1821500
b10110 n
b101000010 u
1)
#1822000
0)
#1822500
b101000011 u
b10111 n
1)
#1823000
0)
#1823500
b11000 n
b101000100 u
1)
#1824000
0)
#1824500
b101000101 u
b11001 n
1)
#1825000
0)
#1825500
b11010 n
b101000110 u
1)
#1826000
0)
#1826500
b101000111 u
b11011 n
1)
#1827000
0)
#1827500
b11100 n
b101001000 u
1)
#1828000
0)
#1828500
b101001001 u
b11101 n
1)
#1829000
0)
#1829500
b11110 n
b101001010 u
1)
#1830000
0)
#1830500
b101001011 u
b11111 n
1)
#1831000
0)
#1831500
b100000 n
b101001100 u
1)
#1832000
0)
#1832500
b101001101 u
b100001 n
1)
#1833000
0)
#1833500
b100010 n
b101001110 u
1)
#1834000
0)
#1834500
b101001111 u
b100011 n
1)
#1835000
0)
#1835500
b100100 n
b101010000 u
1)
#1836000
0)
#1836500
b101010001 u
b100101 n
1)
#1837000
0)
#1837500
b100110 n
b101010010 u
1)
#1838000
0)
#1838500
b101010011 u
b100111 n
1)
#1839000
0)
#1839500
b101000 n
b101010100 u
1)
#1840000
0)
#1840500
b101010101 u
b101001 n
1)
#1841000
0)
#1841500
b101010 n
b101010110 u
1)
#1842000
0)
#1842500
b101010111 u
b101011 n
1)
#1843000
0)
#1843500
b101100 n
b101011000 u
1)
#1844000
0)
#1844500
b101011001 u
b101101 n
1)
#1845000
0)
#1845500
b101110 n
b101011010 u
1)
#1846000
0)
#1846500
b101011011 u
b101111 n
1)
#1847000
0)
#1847500
b110000 n
b101011100 u
1)
#1848000
0)
#1848500
b101011101 u
b110001 n
1)
#1849000
0)
#1849500
1k
b0 n
b101011110 u
1)
#1850000
0)
#1850500
1c
b101011111 u
b1 n
1l
1)
#1851000
0)
#1851500
0c
1m
b10 n
b101100000 u
1)
#1852000
0)
#1852500
b101100001 u
b11 n
1)
#1853000
0)
#1853500
b100 n
b101100010 u
1)
#1854000
0)
#1854500
b101100011 u
b101 n
1)
#1855000
0)
#1855500
b110 n
b101100100 u
1)
#1856000
0)
#1856500
b101100101 u
b111 n
1)
#1857000
0)
#1857500
b1000 n
b101100110 u
1)
#1858000
0)
#1858500
b101100111 u
b1001 n
1)
#1859000
0)
#1859500
b1010 n
b101101000 u
1)
#1860000
0)
#1860500
b101101001 u
b1011 n
1)
#1861000
0)
#1861500
b1100 n
b101101010 u
1)
#1862000
0)
#1862500
b101101011 u
b1101 n
1)
#1863000
0)
#1863500
b1110 n
b101101100 u
1)
#1864000
0)
#1864500
b101101101 u
b1111 n
1)
#1865000
0)
#1865500
b10000 n
b101101110 u
1)
#1866000
0)
#1866500
b101101111 u
b10001 n
1)
#1867000
0)
#1867500
b10010 n
b101110000 u
1)
#1868000
0)
#1868500
b101110001 u
b10011 n
1)
#1869000
0)
#1869500
b10100 n
b101110010 u
1)
#1870000
0)
#1870500
b101110011 u
b10101 n
1)
#1871000
0)
#1871500
b10110 n
b101110100 u
1)
#1872000
0)
#1872500
b101110101 u
b10111 n
1)
#1873000
0)
#1873500
b11000 n
b101110110 u
1)
#1874000
0)
#1874500
b101110111 u
b11001 n
1)
#1875000
0)
#1875500
b11010 n
b101111000 u
1)
#1876000
0)
#1876500
b101111001 u
b11011 n
1)
#1877000
0)
#1877500
b11100 n
b101111010 u
1)
#1878000
0)
#1878500
b101111011 u
b11101 n
1)
#1879000
0)
#1879500
b11110 n
b101111100 u
1)
#1880000
0)
#1880500
b101111101 u
b11111 n
1)
#1881000
0)
#1881500
b100000 n
b101111110 u
1)
#1882000
0)
#1882500
b101111111 u
b100001 n
1)
#1883000
0)
#1883500
b100010 n
b110000000 u
1)
#1884000
0)
#1884500
b110000001 u
b100011 n
1)
#1885000
0)
#1885500
b100100 n
b110000010 u
1)
#1886000
0)
#1886500
b110000011 u
b100101 n
1)
#1887000
0)
#1887500
b100110 n
b110000100 u
1)
#1888000
0)
#1888500
b110000101 u
b100111 n
1)
#1889000
0)
#1889500
b101000 n
b110000110 u
1)
#1890000
0)
#1890500
b110000111 u
b101001 n
1)
#1891000
0)
#1891500
b101010 n
b110001000 u
1)
#1892000
0)
#1892500
b110001001 u
b101011 n
1)
#1893000
0)
#1893500
b101100 n
b110001010 u
1)
#1894000
0)
#1894500
b110001011 u
b101101 n
1)
#1895000
0)
#1895500
b101110 n
b110001100 u
1)
#1896000
0)
#1896500
b110001101 u
b101111 n
1)
#1897000
0)
#1897500
b110000 n
b110001110 u
1)
#1898000
0)
#1898500
b110001111 u
b110001 n
1)
#1899000
0)
#1899500
0k
b0 n
b110010000 u
1)
#1900000
0)
#1900500
b110010001 u
b1 n
0l
1)
#1901000
0)
#1901500
0m
b10 n
b110010010 u
1)
#1902000
0)
#1902500
b110010011 u
b11 n
1)
#1903000
0)
#1903500
b100 n
b110010100 u
1)
#1904000
0)
#1904500
b110010101 u
b101 n
1)
#1905000
0)
#1905500
b110 n
b110010110 u
1)
#1906000
0)
#1906500
b110010111 u
b111 n
1)
#1907000
0)
#1907500
b1000 n
b110011000 u
1)
#1908000
0)
#1908500
b110011001 u
b1001 n
1)
#1909000
0)
#1909500
b1010 n
b110011010 u
1)
#1910000
0)
#1910500
b110011011 u
b1011 n
1)
#1911000
0)
#1911500
b1100 n
b110011100 u
1)
#1912000
0)
#1912500
b110011101 u
b1101 n
1)
#1913000
0)
#1913500
b1110 n
b110011110 u
1)
#1914000
0)
#1914500
b110011111 u
b1111 n
1)
#1915000
0)
#1915500
b10000 n
b110100000 u
1)
#1916000
0)
#1916500
b110100001 u
b10001 n
1)
#1917000
0)
#1917500
b10010 n
b110100010 u
1)
#1918000
0)
#1918500
b110100011 u
b10011 n
1)
#1919000
0)
#1919500
b10100 n
b110100100 u
1)
#1920000
0)
#1920500
b110100101 u
b10101 n
1)
#1921000
0)
#1921500
b10110 n
b110100110 u
1)
#1922000
0)
#1922500
b110100111 u
b10111 n
1)
#1923000
0)
#1923500
b11000 n
b110101000 u
1)
#1924000
0)
#1924500
b110101001 u
b11001 n
1)
#1925000
0)
#1925500
b11010 n
b110101010 u
1)
#1926000
0)
#1926500
b110101011 u
b11011 n
1)
#1927000
0)
#1927500
b11100 n
b110101100 u
1)
#1928000
0)
#1928500
b110101101 u
b11101 n
1)
#1929000
0)
#1929500
b11110 n
b110101110 u
1)
#1930000
0)
#1930500
b110101111 u
b11111 n
1)
#1931000
0)
#1931500
b100000 n
b110110000 u
1)
#1932000
0)
#1932500
b110110001 u
b100001 n
1)
#1933000
0)
#1933500
b100010 n
b110110010 u
1)
#1934000
0)
#1934500
b110110011 u
b100011 n
1)
#1935000
0)
#1935500
b100100 n
b110110100 u
1)
#1936000
0)
#1936500
b110110101 u
b100101 n
1)
#1937000
0)
#1937500
b100110 n
b110110110 u
1)
#1938000
0)
#1938500
b110110111 u
b100111 n
1)
#1939000
0)
#1939500
b101000 n
b110111000 u
1)
#1940000
0)
#1940500
b110111001 u
b101001 n
1)
#1941000
0)
#1941500
b101010 n
b110111010 u
1)
#1942000
0)
#1942500
b110111011 u
b101011 n
1)
#1943000
0)
#1943500
b101100 n
b110111100 u
1)
#1944000
0)
#1944500
b110111101 u
b101101 n
1)
#1945000
0)
#1945500
b101110 n
b110111110 u
1)
#1946000
0)
#1946500
b110111111 u
b101111 n
1)
#1947000
0)
#1947500
b110000 n
b111000000 u
1)
#1948000
0)
#1948500
b111000001 u
b110001 n
1)
#1949000
0)
#1949500
1k
b0 n
b111000010 u
1)
#1950000
0)
#1950500
1c
b111000011 u
b1 n
1l
1)
#1951000
0)
#1951500
0c
1m
b10 n
b111000100 u
1)
#1952000
0)
#1952500
b111000101 u
b11 n
1)
#1953000
0)
#1953500
b100 n
b111000110 u
1)
#1954000
0)
#1954500
b111000111 u
b101 n
1)
#1955000
0)
#1955500
b110 n
b111001000 u
1)
#1956000
0)
#1956500
b111001001 u
b111 n
1)
#1957000
0)
#1957500
b1000 n
b111001010 u
1)
#1958000
0)
#1958500
b111001011 u
b1001 n
1)
#1959000
0)
#1959500
b1010 n
b111001100 u
1)
#1960000
0)
#1960500
b111001101 u
b1011 n
1)
#1961000
0)
#1961500
b1100 n
b111001110 u
1)
#1962000
0)
#1962500
b111001111 u
b1101 n
1)
#1963000
0)
#1963500
b1110 n
b111010000 u
1)
#1964000
0)
#1964500
b111010001 u
b1111 n
1)
#1965000
0)
#1965500
b10000 n
b111010010 u
1)
#1966000
0)
#1966500
b111010011 u
b10001 n
1)
#1967000
0)
#1967500
b10010 n
b111010100 u
1)
#1968000
0)
#1968500
b111010101 u
b10011 n
1)
#1969000
0)
#1969500
b10100 n
b111010110 u
1)
#1970000
0)
#1970500
b111010111 u
b10101 n
1)
#1971000
0)
#1971500
b10110 n
b111011000 u
1)
#1972000
0)
#1972500
b111011001 u
b10111 n
1)
#1973000
0)
#1973500
b11000 n
b111011010 u
1)
#1974000
0)
#1974500
b111011011 u
b11001 n
1)
#1975000
0)
#1975500
b11010 n
b111011100 u
1)
#1976000
0)
#1976500
b111011101 u
b11011 n
1)
#1977000
0)
#1977500
b11100 n
b111011110 u
1)
#1978000
0)
#1978500
b111011111 u
b11101 n
1)
#1979000
0)
#1979500
b11110 n
b111100000 u
1)
#1980000
0)
#1980500
b111100001 u
b11111 n
1)
#1981000
0)
#1981500
b100000 n
b111100010 u
1)
#1982000
0)
#1982500
b111100011 u
b100001 n
1)
#1983000
0)
#1983500
b100010 n
b111100100 u
1)
#1984000
0)
#1984500
b111100101 u
b100011 n
1)
#1985000
0)
#1985500
b100100 n
b111100110 u
1)
#1986000
0)
#1986500
b111100111 u
b100101 n
1)
#1987000
0)
#1987500
b100110 n
b111101000 u
1)
#1988000
0)
#1988500
b111101001 u
b100111 n
1)
#1989000
0)
#1989500
b101000 n
b111101010 u
1)
#1990000
0)
#1990500
b111101011 u
b101001 n
1)
#1991000
0)
#1991500
b101010 n
b111101100 u
1)
#1992000
0)
#1992500
b111101101 u
b101011 n
1)
#1993000
0)
#1993500
b101100 n
b111101110 u
1)
#1994000
0)
#1994500
b111101111 u
b101101 n
1)
#1995000
0)
#1995500
b101110 n
b111110000 u
1)
#1996000
0)
#1996500
b111110001 u
b101111 n
1)
#1997000
0)
#1997500
b110000 n
b111110010 u
1)
#1998000
0)
#1998500
b111110011 u
b110001 n
1)
#1999000
0)
#1999500
0k
b0 n
0r
b0 u
1)
#2000000
0)
#2000500
b1 u
0s
b1 n
0l
1)
#2001000
0)
#2001500
0m
b10 n
0t
b10 u
1)
#2002000
0)
#2002500
b11 u
b11 n
1)
#2003000
0)
#2003500
b100 n
b100 u
1)
#2004000
0)
#2004500
b101 u
b101 n
1)
#2005000
0)
#2005500
b110 n
b110 u
1)
#2006000
0)
#2006500
b111 u
b111 n
1)
#2007000
0)
#2007500
b1000 n
b1000 u
1)
#2008000
0)
#2008500
b1001 u
b1001 n
1)
#2009000
0)
#2009500
b1010 n
b1010 u
1)
#2010000
0)
#2010500
b1011 u
b1011 n
1)
#2011000
0)
#2011500
b1100 n
b1100 u
1)
#2012000
0)
#2012500
b1101 u
b1101 n
1)
#2013000
0)
#2013500
b1110 n
b1110 u
1)
#2014000
0)
#2014500
b1111 u
b1111 n
1)
#2015000
0)
#2015500
b10000 n
b10000 u
1)
#2016000
0)
#2016500
b10001 u
b10001 n
1)
#2017000
0)
#2017500
b10010 n
b10010 u
1)
#2018000
0)
#2018500
b10011 u
b10011 n
1)
#2019000
0)
#2019500
b10100 n
b10100 u
1)
#2020000
0)
#2020500
b10101 u
b10101 n
1)
#2021000
0)
#2021500
b10110 n
b10110 u
1)
#2022000
0)
#2022500
b10111 u
b10111 n
1)
#2023000
0)
#2023500
b11000 n
b11000 u
1)
#2024000
0)
#2024500
b11001 u
b11001 n
1)
#2025000
0)
#2025500
b11010 n
b11010 u
1)
#2026000
0)
#2026500
b11011 u
b11011 n
1)
#2027000
0)
#2027500
b11100 n
b11100 u
1)
#2028000
0)
#2028500
b11101 u
b11101 n
1)
#2029000
0)
#2029500
b11110 n
b11110 u
1)
#2030000
0)
#2030500
b11111 u
b11111 n
1)
#2031000
0)
#2031500
b100000 n
b100000 u
1)
#2032000
0)
#2032500
b100001 u
b100001 n
1)
#2033000
0)
#2033500
b100010 n
b100010 u
1)
#2034000
0)
#2034500
b100011 u
b100011 n
1)
#2035000
0)
#2035500
b100100 n
b100100 u
1)
#2036000
0)
#2036500
b100101 u
b100101 n
1)
#2037000
0)
#2037500
b100110 n
b100110 u
1)
#2038000
0)
#2038500
b100111 u
b100111 n
1)
#2039000
0)
#2039500
b101000 n
b101000 u
1)
#2040000
0)
#2040500
b101001 u
b101001 n
1)
#2041000
0)
#2041500
b101010 n
b101010 u
1)
#2042000
0)
#2042500
b101011 u
b101011 n
1)
#2043000
0)
#2043500
b101100 n
b101100 u
1)
#2044000
0)
#2044500
b101101 u
b101101 n
1)
#2045000
0)
#2045500
b101110 n
b101110 u
1)
#2046000
0)
#2046500
b101111 u
b101111 n
1)
#2047000
0)
#2047500
b110000 n
b110000 u
1)
#2048000
0)
#2048500
b110001 u
b110001 n
1)
#2049000
0)
#2049500
1k
b0 n
b110010 u
1)
#2050000
0)
#2050500
1c
b110011 u
b1 n
1l
1)
#2051000
0)
#2051500
0c
1m
b10 n
b110100 u
1)
#2052000
0)
#2052500
b110101 u
b11 n
1)
#2053000
0)
#2053500
b100 n
b110110 u
1)
#2054000
0)
#2054500
b110111 u
b101 n
1)
#2055000
0)
#2055500
b110 n
b111000 u
1)
#2056000
0)
#2056500
b111001 u
b111 n
1)
#2057000
0)
#2057500
b1000 n
b111010 u
1)
#2058000
0)
#2058500
b111011 u
b1001 n
1)
#2059000
0)
#2059500
b1010 n
b111100 u
1)
#2060000
0)
#2060500
b111101 u
b1011 n
1)
#2061000
0)
#2061500
b1100 n
b111110 u
1)
#2062000
0)
#2062500
b111111 u
b1101 n
1)
#2063000
0)
#2063500
b1110 n
b1000000 u
1)
#2064000
0)
#2064500
b1000001 u
b1111 n
1)
#2065000
0)
#2065500
b10000 n
b1000010 u
1)
#2066000
0)
#2066500
b1000011 u
b10001 n
1)
#2067000
0)
#2067500
b10010 n
b1000100 u
1)
#2068000
0)
#2068500
b1000101 u
b10011 n
1)
#2069000
0)
#2069500
b10100 n
b1000110 u
1)
#2070000
0)
#2070500
b1000111 u
b10101 n
1)
#2071000
0)
#2071500
b10110 n
b1001000 u
1)
#2072000
0)
#2072500
b1001001 u
b10111 n
1)
#2073000
0)
#2073500
b11000 n
b1001010 u
1)
#2074000
0)
#2074500
b1001011 u
b11001 n
1)
#2075000
0)
#2075500
b11010 n
b1001100 u
1)
#2076000
0)
#2076500
b1001101 u
b11011 n
1)
#2077000
0)
#2077500
b11100 n
b1001110 u
1)
#2078000
0)
#2078500
b1001111 u
b11101 n
1)
#2079000
0)
#2079500
b11110 n
b1010000 u
1)
#2080000
0)
#2080500
b1010001 u
b11111 n
1)
#2081000
0)
#2081500
b100000 n
b1010010 u
1)
#2082000
0)
#2082500
b1010011 u
b100001 n
1)
#2083000
0)
#2083500
b100010 n
b1010100 u
1)
#2084000
0)
#2084500
b1010101 u
b100011 n
1)
#2085000
0)
#2085500
b100100 n
b1010110 u
1)
#2086000
0)
#2086500
b1010111 u
b100101 n
1)
#2087000
0)
#2087500
b100110 n
b1011000 u
1)
#2088000
0)
#2088500
b1011001 u
b100111 n
1)
#2089000
0)
#2089500
b101000 n
b1011010 u
1)
#2090000
0)
#2090500
b1011011 u
b101001 n
1)
#2091000
0)
#2091500
b101010 n
b1011100 u
1)
#2092000
0)
#2092500
b1011101 u
b101011 n
1)
#2093000
0)
#2093500
b101100 n
b1011110 u
1)
#2094000
0)
#2094500
b1011111 u
b101101 n
1)
#2095000
0)
#2095500
b101110 n
b1100000 u
1)
#2096000
0)
#2096500
b1100001 u
b101111 n
1)
#2097000
0)
#2097500
b110000 n
b1100010 u
1)
#2098000
0)
#2098500
b1100011 u
b110001 n
1)
#2099000
0)
#2099500
0k
b0 n
b1100100 u
1)
#2100000
0)
#2100500
b1100101 u
b1 n
0l
1)
#2101000
0)
#2101500
0m
b10 n
b1100110 u
1)
#2102000
0)
#2102500
b1100111 u
b11 n
1)
#2103000
0)
#2103500
b100 n
b1101000 u
1)
#2104000
0)
#2104500
b1101001 u
b101 n
1)
#2105000
0)
#2105500
b110 n
b1101010 u
1)
#2106000
0)
#2106500
b1101011 u
b111 n
1)
#2107000
0)
#2107500
b1000 n
b1101100 u
1)
#2108000
0)
#2108500
b1101101 u
b1001 n
1)
#2109000
0)
#2109500
b1010 n
b1101110 u
1)
#2110000
0)
#2110500
b1101111 u
b1011 n
1)
#2111000
0)
#2111500
b1100 n
b1110000 u
1)
#2112000
0)
#2112500
b1110001 u
b1101 n
1)
#2113000
0)
#2113500
b1110 n
b1110010 u
1)
#2114000
0)
#2114500
b1110011 u
b1111 n
1)
#2115000
0)
#2115500
b10000 n
b1110100 u
1)
#2116000
0)
#2116500
b1110101 u
b10001 n
1)
#2117000
0)
#2117500
b10010 n
b1110110 u
1)
#2118000
0)
#2118500
b1110111 u
b10011 n
1)
#2119000
0)
#2119500
b10100 n
b1111000 u
1)
#2120000
0)
#2120500
b1111001 u
b10101 n
1)
#2121000
0)
#2121500
b10110 n
b1111010 u
1)
#2122000
0)
#2122500
b1111011 u
b10111 n
1)
#2123000
0)
#2123500
b11000 n
b1111100 u
1)
#2124000
0)
#2124500
b1111101 u
b11001 n
1)
#2125000
0)
#2125500
b11010 n
b1111110 u
1)
#2126000
0)
#2126500
b1111111 u
b11011 n
1)
#2127000
0)
#2127500
b11100 n
b10000000 u
1)
#2128000
0)
#2128500
b10000001 u
b11101 n
1)
#2129000
0)
#2129500
b11110 n
b10000010 u
1)
#2130000
0)
#2130500
b10000011 u
b11111 n
1)
#2131000
0)
#2131500
b100000 n
b10000100 u
1)
#2132000
0)
#2132500
b10000101 u
b100001 n
1)
#2133000
0)
#2133500
b100010 n
b10000110 u
1)
#2134000
0)
#2134500
b10000111 u
b100011 n
1)
#2135000
0)
#2135500
b100100 n
b10001000 u
1)
#2136000
0)
#2136500
b10001001 u
b100101 n
1)
#2137000
0)
#2137500
b100110 n
b10001010 u
1)
#2138000
0)
#2138500
b10001011 u
b100111 n
1)
#2139000
0)
#2139500
b101000 n
b10001100 u
1)
#2140000
0)
#2140500
b10001101 u
b101001 n
1)
#2141000
0)
#2141500
b101010 n
b10001110 u
1)
#2142000
0)
#2142500
b10001111 u
b101011 n
1)
#2143000
0)
#2143500
b101100 n
b10010000 u
1)
#2144000
0)
#2144500
b10010001 u
b101101 n
1)
#2145000
0)
#2145500
b101110 n
b10010010 u
1)
#2146000
0)
#2146500
b10010011 u
b101111 n
1)
#2147000
0)
#2147500
b110000 n
b10010100 u
1)
#2148000
0)
#2148500
b10010101 u
b110001 n
1)
#2149000
0)
#2149500
1k
b0 n
b10010110 u
1)
#2150000
0)
#2150500
1c
b10010111 u
b1 n
1l
1)
#2151000
0)
#2151500
0c
1m
b10 n
b10011000 u
1)
#2152000
0)
#2152500
b10011001 u
b11 n
1)
#2153000
0)
#2153500
b100 n
b10011010 u
1)
#2154000
0)
#2154500
b10011011 u
b101 n
1)
#2155000
0)
#2155500
b110 n
b10011100 u
1)
#2156000
0)
#2156500
b10011101 u
b111 n
1)
#2157000
0)
#2157500
b1000 n
b10011110 u
1)
#2158000
0)
#2158500
b10011111 u
b1001 n
1)
#2159000
0)
#2159500
b1010 n
b10100000 u
1)
#2160000
0)
#2160500
b10100001 u
b1011 n
1)
#2161000
0)
#2161500
b1100 n
b10100010 u
1)
#2162000
0)
#2162500
b10100011 u
b1101 n
1)
#2163000
0)
#2163500
b1110 n
b10100100 u
1)
#2164000
0)
#2164500
b10100101 u
b1111 n
1)
#2165000
0)
#2165500
b10000 n
b10100110 u
1)
#2166000
0)
#2166500
b10100111 u
b10001 n
1)
#2167000
0)
#2167500
b10010 n
b10101000 u
1)
#2168000
0)
#2168500
b10101001 u
b10011 n
1)
#2169000
0)
#2169500
b10100 n
b10101010 u
1)
#2170000
0)
#2170500
b10101011 u
b10101 n
1)
#2171000
0)
#2171500
b10110 n
b10101100 u
1)
#2172000
0)
#2172500
b10101101 u
b10111 n
1)
#2173000
0)
#2173500
b11000 n
b10101110 u
1)
#2174000
0)
#2174500
b10101111 u
b11001 n
1)
#2175000
0)
#2175500
b11010 n
b10110000 u
1)
#2176000
0)
#2176500
b10110001 u
b11011 n
1)
#2177000
0)
#2177500
b11100 n
b10110010 u
1)
#2178000
0)
#2178500
b10110011 u
b11101 n
1)
#2179000
0)
#2179500
b11110 n
b10110100 u
1)
#2180000
0)
#2180500
b10110101 u
b11111 n
1)
#2181000
0)
#2181500
b100000 n
b10110110 u
1)
#2182000
0)
#2182500
b10110111 u
b100001 n
1)
#2183000
0)
#2183500
b100010 n
b10111000 u
1)
#2184000
0)
#2184500
b10111001 u
b100011 n
1)
#2185000
0)
#2185500
b100100 n
b10111010 u
1)
#2186000
0)
#2186500
b10111011 u
b100101 n
1)
#2187000
0)
#2187500
b100110 n
b10111100 u
1)
#2188000
0)
#2188500
b10111101 u
b100111 n
1)
#2189000
0)
#2189500
b101000 n
b10111110 u
1)
#2190000
0)
#2190500
b10111111 u
b101001 n
1)
#2191000
0)
#2191500
b101010 n
b11000000 u
1)
#2192000
0)
#2192500
b11000001 u
b101011 n
1)
#2193000
0)
#2193500
b101100 n
b11000010 u
1)
#2194000
0)
#2194500
b11000011 u
b101101 n
1)
#2195000
0)
#2195500
b101110 n
b11000100 u
1)
#2196000
0)
#2196500
b11000101 u
b101111 n
1)
#2197000
0)
#2197500
b110000 n
b11000110 u
1)
#2198000
0)
#2198500
b11000111 u
b110001 n
1)
#2199000
0)
#2199500
0k
b0 n
b11001000 u
1)
#2200000
0)
#2200500
b11001001 u
b1 n
0l
1)
#2201000
0)
#2201500
0m
b10 n
b11001010 u
1)
#2202000
0)
#2202500
b11001011 u
b11 n
1)
#2203000
0)
#2203500
b100 n
b11001100 u
1)
#2204000
0)
#2204500
b11001101 u
b101 n
1)
#2205000
0)
#2205500
b110 n
b11001110 u
1)
#2206000
0)
#2206500
b11001111 u
b111 n
1)
#2207000
0)
#2207500
b1000 n
b11010000 u
1)
#2208000
0)
#2208500
b11010001 u
b1001 n
1)
#2209000
0)
#2209500
b1010 n
b11010010 u
1)
#2210000
0)
#2210500
b11010011 u
b1011 n
1)
#2211000
0)
#2211500
b1100 n
b11010100 u
1)
#2212000
0)
#2212500
b11010101 u
b1101 n
1)
#2213000
0)
#2213500
b1110 n
b11010110 u
1)
#2214000
0)
#2214500
b11010111 u
b1111 n
1)
#2215000
0)
#2215500
b10000 n
b11011000 u
1)
#2216000
0)
#2216500
b11011001 u
b10001 n
1)
#2217000
0)
#2217500
b10010 n
b11011010 u
1)
#2218000
0)
#2218500
b11011011 u
b10011 n
1)
#2219000
0)
#2219500
b10100 n
b11011100 u
1)
#2220000
0)
#2220500
b11011101 u
b10101 n
1)
#2221000
0)
#2221500
b10110 n
b11011110 u
1)
#2222000
0)
#2222500
b11011111 u
b10111 n
1)
#2223000
0)
#2223500
b11000 n
b11100000 u
1)
#2224000
0)
#2224500
b11100001 u
b11001 n
1)
#2225000
0)
#2225500
b11010 n
b11100010 u
1)
#2226000
0)
#2226500
b11100011 u
b11011 n
1)
#2227000
0)
#2227500
b11100 n
b11100100 u
1)
#2228000
0)
#2228500
b11100101 u
b11101 n
1)
#2229000
0)
#2229500
b11110 n
b11100110 u
1)
#2230000
0)
#2230500
b11100111 u
b11111 n
1)
#2231000
0)
#2231500
b100000 n
b11101000 u
1)
#2232000
0)
#2232500
b11101001 u
b100001 n
1)
#2233000
0)
#2233500
b100010 n
b11101010 u
1)
#2234000
0)
#2234500
b11101011 u
b100011 n
1)
#2235000
0)
#2235500
b100100 n
b11101100 u
1)
#2236000
0)
#2236500
b11101101 u
b100101 n
1)
#2237000
0)
#2237500
b100110 n
b11101110 u
1)
#2238000
0)
#2238500
b11101111 u
b100111 n
1)
#2239000
0)
#2239500
b101000 n
b11110000 u
1)
#2240000
0)
#2240500
b11110001 u
b101001 n
1)
#2241000
0)
#2241500
b101010 n
b11110010 u
1)
#2242000
0)
#2242500
b11110011 u
b101011 n
1)
#2243000
0)
#2243500
b101100 n
b11110100 u
1)
#2244000
0)
#2244500
b11110101 u
b101101 n
1)
#2245000
0)
#2245500
b101110 n
b11110110 u
1)
#2246000
0)
#2246500
b11110111 u
b101111 n
1)
#2247000
0)
#2247500
b110000 n
b11111000 u
1)
#2248000
0)
#2248500
b11111001 u
b110001 n
1)
#2249000
0)
#2249500
1k
b0 n
b11111010 u
1)
#2250000
0)
#2250500
1c
b11111011 u
b1 n
1l
1)
#2251000
0)
#2251500
0c
1m
b10 n
b11111100 u
1)
#2252000
0)
#2252500
b11111101 u
b11 n
1)
#2253000
0)
#2253500
b100 n
b11111110 u
1)
#2254000
0)
#2254500
b11111111 u
b101 n
1)
#2255000
0)
#2255500
b110 n
b100000000 u
1)
#2256000
0)
#2256500
b100000001 u
b111 n
1)
#2257000
0)
#2257500
b1000 n
b100000010 u
1)
#2258000
0)
#2258500
b100000011 u
b1001 n
1)
#2259000
0)
#2259500
b1010 n
b100000100 u
1)
#2260000
0)
#2260500
b100000101 u
b1011 n
1)
#2261000
0)
#2261500
b1100 n
b100000110 u
1)
#2262000
0)
#2262500
b100000111 u
b1101 n
1)
#2263000
0)
#2263500
b1110 n
b100001000 u
1)
#2264000
0)
#2264500
b100001001 u
b1111 n
1)
#2265000
0)
#2265500
b10000 n
b100001010 u
1)
#2266000
0)
#2266500
b100001011 u
b10001 n
1)
#2267000
0)
#2267500
b10010 n
b100001100 u
1)
#2268000
0)
#2268500
b100001101 u
b10011 n
1)
#2269000
0)
#2269500
b10100 n
b100001110 u
1)
#2270000
0)
#2270500
b100001111 u
b10101 n
1)
#2271000
0)
#2271500
b10110 n
b100010000 u
1)
#2272000
0)
#2272500
b100010001 u
b10111 n
1)
#2273000
0)
#2273500
b11000 n
b100010010 u
1)
#2274000
0)
#2274500
b100010011 u
b11001 n
1)
#2275000
0)
#2275500
b11010 n
b100010100 u
1)
#2276000
0)
#2276500
b100010101 u
b11011 n
1)
#2277000
0)
#2277500
b11100 n
b100010110 u
1)
#2278000
0)
#2278500
b100010111 u
b11101 n
1)
#2279000
0)
#2279500
b11110 n
b100011000 u
1)
#2280000
0)
#2280500
b100011001 u
b11111 n
1)
#2281000
0)
#2281500
b100000 n
b100011010 u
1)
#2282000
0)
#2282500
b100011011 u
b100001 n
1)
#2283000
0)
#2283500
b100010 n
b100011100 u
1)
#2284000
0)
#2284500
b100011101 u
b100011 n
1)
#2285000
0)
#2285500
b100100 n
b100011110 u
1)
#2286000
0)
#2286500
b100011111 u
b100101 n
1)
#2287000
0)
#2287500
b100110 n
b100100000 u
1)
#2288000
0)
#2288500
b100100001 u
b100111 n
1)
#2289000
0)
#2289500
b101000 n
b100100010 u
1)
#2290000
0)
#2290500
b100100011 u
b101001 n
1)
#2291000
0)
#2291500
b101010 n
b100100100 u
1)
#2292000
0)
#2292500
b100100101 u
b101011 n
1)
#2293000
0)
#2293500
b101100 n
b100100110 u
1)
#2294000
0)
#2294500
b100100111 u
b101101 n
1)
#2295000
0)
#2295500
b101110 n
b100101000 u
1)
#2296000
0)
#2296500
b100101001 u
b101111 n
1)
#2297000
0)
#2297500
b110000 n
b100101010 u
1)
#2298000
0)
#2298500
b100101011 u
b110001 n
1)
#2299000
0)
#2299500
0k
b0 n
b100101100 u
1)
#2300000
0)
#2300500
b100101101 u
b1 n
0l
1)
#2301000
0)
#2301500
0m
b10 n
b100101110 u
1)
#2302000
0)
#2302500
b100101111 u
b11 n
1)
#2303000
0)
#2303500
b100 n
b100110000 u
1)
#2304000
0)
#2304500
b100110001 u
b101 n
1)
#2305000
0)
#2305500
b110 n
b100110010 u
1)
#2306000
0)
#2306500
b100110011 u
b111 n
1)
#2307000
0)
#2307500
b1000 n
b100110100 u
1)
#2308000
0)
#2308500
b100110101 u
b1001 n
1)
#2309000
0)
#2309500
b1010 n
b100110110 u
1)
#2310000
0)
#2310500
b100110111 u
b1011 n
1)
#2311000
0)
#2311500
b1100 n
b100111000 u
1)
#2312000
0)
#2312500
b100111001 u
b1101 n
1)
#2313000
0)
#2313500
b1110 n
b100111010 u
1)
#2314000
0)
#2314500
b100111011 u
b1111 n
1)
#2315000
0)
#2315500
b10000 n
b100111100 u
1)
#2316000
0)
#2316500
b100111101 u
b10001 n
1)
#2317000
0)
#2317500
b10010 n
b100111110 u
1)
#2318000
0)
#2318500
b100111111 u
b10011 n
1)
#2319000
0)
#2319500
b10100 n
b101000000 u
1)
#2320000
0)
#2320500
b101000001 u
b10101 n
1)
#2321000
0)
#2321500
b10110 n
b101000010 u
1)
#2322000
0)
#2322500
b101000011 u
b10111 n
1)
#2323000
0)
#2323500
b11000 n
b101000100 u
1)
#2324000
0)
#2324500
b101000101 u
b11001 n
1)
#2325000
0)
#2325500
b11010 n
b101000110 u
1)
#2326000
0)
#2326500
b101000111 u
b11011 n
1)
#2327000
0)
#2327500
b11100 n
b101001000 u
1)
#2328000
0)
#2328500
b101001001 u
b11101 n
1)
#2329000
0)
#2329500
b11110 n
b101001010 u
1)
#2330000
0)
#2330500
b101001011 u
b11111 n
1)
#2331000
0)
#2331500
b100000 n
b101001100 u
1)
#2332000
0)
#2332500
b101001101 u
b100001 n
1)
#2333000
0)
#2333500
b100010 n
b101001110 u
1)
#2334000
0)
#2334500
b101001111 u
b100011 n
1)
#2335000
0)
#2335500
b100100 n
b101010000 u
1)
#2336000
0)
#2336500
b101010001 u
b100101 n
1)
#2337000
0)
#2337500
b100110 n
b101010010 u
1)
#2338000
0)
#2338500
b101010011 u
b100111 n
1)
#2339000
0)
#2339500
b101000 n
b101010100 u
1)
#2340000
0)
#2340500
b101010101 u
b101001 n
1)
#2341000
0)
#2341500
b101010 n
b101010110 u
1)
#2342000
0)
#2342500
b101010111 u
b101011 n
1)
#2343000
0)
#2343500
b101100 n
b101011000 u
1)
#2344000
0)
#2344500
b101011001 u
b101101 n
1)
#2345000
0)
#2345500
b101110 n
b101011010 u
1)
#2346000
0)
#2346500
b101011011 u
b101111 n
1)
#2347000
0)
#2347500
b110000 n
b101011100 u
1)
#2348000
0)
#2348500
b101011101 u
b110001 n
1)
#2349000
0)
#2349500
1k
b0 n
b101011110 u
1)
#2350000
0)
#2350500
1c
b101011111 u
b1 n
1l
1)
#2351000
0)
#2351500
0c
1m
b10 n
b101100000 u
1)
#2352000
0)
#2352500
b101100001 u
b11 n
1)
#2353000
0)
#2353500
b100 n
b101100010 u
1)
#2354000
0)
#2354500
b101100011 u
b101 n
1)
#2355000
0)
#2355500
b110 n
b101100100 u
1)
#2356000
0)
#2356500
b101100101 u
b111 n
1)
#2357000
0)
#2357500
b1000 n
b101100110 u
1)
#2358000
0)
#2358500
b101100111 u
b1001 n
1)
#2359000
0)
#2359500
b1010 n
b101101000 u
1)
#2360000
0)
#2360500
b101101001 u
b1011 n
1)
#2361000
0)
#2361500
b1100 n
b101101010 u
1)
#2362000
0)
#2362500
b101101011 u
b1101 n
1)
#2363000
0)
#2363500
b1110 n
b101101100 u
1)
#2364000
0)
#2364500
b101101101 u
b1111 n
1)
#2365000
0)
#2365500
b10000 n
b101101110 u
1)
#2366000
0)
#2366500
b101101111 u
b10001 n
1)
#2367000
0)
#2367500
b10010 n
b101110000 u
1)
#2368000
0)
#2368500
b101110001 u
b10011 n
1)
#2369000
0)
#2369500
b10100 n
b101110010 u
1)
#2370000
0)
#2370500
b101110011 u
b10101 n
1)
#2371000
0)
#2371500
b10110 n
b101110100 u
1)
#2372000
0)
#2372500
b101110101 u
b10111 n
1)
#2373000
0)
#2373500
b11000 n
b101110110 u
1)
#2374000
0)
#2374500
b101110111 u
b11001 n
1)
#2375000
0)
#2375500
b11010 n
b101111000 u
1)
#2376000
0)
#2376500
b101111001 u
b11011 n
1)
#2377000
0)
#2377500
b11100 n
b101111010 u
1)
#2378000
0)
#2378500
b101111011 u
b11101 n
1)
#2379000
0)
#2379500
b11110 n
b101111100 u
1)
#2380000
0)
#2380500
b101111101 u
b11111 n
1)
#2381000
0)
#2381500
b100000 n
b101111110 u
1)
#2382000
0)
#2382500
b101111111 u
b100001 n
1)
#2383000
0)
#2383500
b100010 n
b110000000 u
1)
#2384000
0)
#2384500
b110000001 u
b100011 n
1)
#2385000
0)
#2385500
b100100 n
b110000010 u
1)
#2386000
0)
#2386500
b110000011 u
b100101 n
1)
#2387000
0)
#2387500
b100110 n
b110000100 u
1)
#2388000
0)
#2388500
b110000101 u
b100111 n
1)
#2389000
0)
#2389500
b101000 n
b110000110 u
1)
#2390000
0)
#2390500
b110000111 u
b101001 n
1)
#2391000
0)
#2391500
b101010 n
b110001000 u
1)
#2392000
0)
#2392500
b110001001 u
b101011 n
1)
#2393000
0)
#2393500
b101100 n
b110001010 u
1)
#2394000
0)
#2394500
b110001011 u
b101101 n
1)
#2395000
0)
#2395500
b101110 n
b110001100 u
1)
#2396000
0)
#2396500
b110001101 u
b101111 n
1)
#2397000
0)
#2397500
b110000 n
b110001110 u
1)
#2398000
0)
#2398500
b110001111 u
b110001 n
1)
#2399000
0)
#2399500
0k
b0 n
b110010000 u
1)
#2400000
0)
#2400500
b110010001 u
b1 n
0l
1)
#2401000
0)
#2401500
0m
b10 n
b110010010 u
1)
#2402000
0)
#2402500
b110010011 u
b11 n
1)
#2403000
0)
#2403500
b100 n
b110010100 u
1)
#2404000
0)
#2404500
b110010101 u
b101 n
1)
#2405000
0)
#2405500
b110 n
b110010110 u
1)
#2406000
0)
#2406500
b110010111 u
b111 n
1)
#2407000
0)
#2407500
b1000 n
b110011000 u
1)
#2408000
0)
#2408500
b110011001 u
b1001 n
1)
#2409000
0)
#2409500
b1010 n
b110011010 u
1)
#2410000
0)
#2410500
b110011011 u
b1011 n
1)
#2411000
0)
#2411500
b1100 n
b110011100 u
1)
#2412000
0)
#2412500
b110011101 u
b1101 n
1)
#2413000
0)
#2413500
b1110 n
b110011110 u
1)
#2414000
0)
#2414500
b110011111 u
b1111 n
1)
#2415000
0)
#2415500
b10000 n
b110100000 u
1)
#2416000
0)
#2416500
b110100001 u
b10001 n
1)
#2417000
0)
#2417500
b10010 n
b110100010 u
1)
#2418000
0)
#2418500
b110100011 u
b10011 n
1)
#2419000
0)
#2419500
b10100 n
b110100100 u
1)
#2420000
0)
#2420500
b110100101 u
b10101 n
1)
#2421000
0)
#2421500
b10110 n
b110100110 u
1)
#2422000
0)
#2422500
b110100111 u
b10111 n
1)
#2423000
0)
#2423500
b11000 n
b110101000 u
1)
#2424000
0)
#2424500
b110101001 u
b11001 n
1)
#2425000
0)
#2425500
b11010 n
b110101010 u
1)
#2426000
0)
#2426500
b110101011 u
b11011 n
1)
#2427000
0)
#2427500
b11100 n
b110101100 u
1)
#2428000
0)
#2428500
b110101101 u
b11101 n
1)
#2429000
0)
#2429500
b11110 n
b110101110 u
1)
#2430000
0)
#2430500
b110101111 u
b11111 n
1)
#2431000
0)
#2431500
b100000 n
b110110000 u
1)
#2432000
0)
#2432500
b110110001 u
b100001 n
1)
#2433000
0)
#2433500
b100010 n
b110110010 u
1)
#2434000
0)
#2434500
b110110011 u
b100011 n
1)
#2435000
0)
#2435500
b100100 n
b110110100 u
1)
#2436000
0)
#2436500
b110110101 u
b100101 n
1)
#2437000
0)
#2437500
b100110 n
b110110110 u
1)
#2438000
0)
#2438500
b110110111 u
b100111 n
1)
#2439000
0)
#2439500
b101000 n
b110111000 u
1)
#2440000
0)
#2440500
b110111001 u
b101001 n
1)
#2441000
0)
#2441500
b101010 n
b110111010 u
1)
#2442000
0)
#2442500
b110111011 u
b101011 n
1)
#2443000
0)
#2443500
b101100 n
b110111100 u
1)
#2444000
0)
#2444500
b110111101 u
b101101 n
1)
#2445000
0)
#2445500
b101110 n
b110111110 u
1)
#2446000
0)
#2446500
b110111111 u
b101111 n
1)
#2447000
0)
#2447500
b110000 n
b111000000 u
1)
#2448000
0)
#2448500
b111000001 u
b110001 n
1)
#2449000
0)
#2449500
1k
b0 n
b111000010 u
1)
#2450000
0)
#2450500
1c
b111000011 u
b1 n
1l
1)
#2451000
0)
#2451500
0c
1m
b10 n
b111000100 u
1)
#2452000
0)
#2452500
b111000101 u
b11 n
1)
#2453000
0)
#2453500
b100 n
b111000110 u
1)
#2454000
0)
#2454500
b111000111 u
b101 n
1)
#2455000
0)
#2455500
b110 n
b111001000 u
1)
#2456000
0)
#2456500
b111001001 u
b111 n
1)
#2457000
0)
#2457500
b1000 n
b111001010 u
1)
#2458000
0)
#2458500
b111001011 u
b1001 n
1)
#2459000
0)
#2459500
b1010 n
b111001100 u
1)
#2460000
0)
#2460500
b111001101 u
b1011 n
1)
#2461000
0)
#2461500
b1100 n
b111001110 u
1)
#2462000
0)
#2462500
b111001111 u
b1101 n
1)
#2463000
0)
#2463500
b1110 n
b111010000 u
1)
#2464000
0)
#2464500
b111010001 u
b1111 n
1)
#2465000
0)
#2465500
b10000 n
b111010010 u
1)
#2466000
0)
#2466500
b111010011 u
b10001 n
1)
#2467000
0)
#2467500
b10010 n
b111010100 u
1)
#2468000
0)
#2468500
b111010101 u
b10011 n
1)
#2469000
0)
#2469500
b10100 n
b111010110 u
1)
#2470000
0)
#2470500
b111010111 u
b10101 n
1)
#2471000
0)
#2471500
b10110 n
b111011000 u
1)
#2472000
0)
#2472500
b111011001 u
b10111 n
1)
#2473000
0)
#2473500
b11000 n
b111011010 u
1)
#2474000
0)
#2474500
b111011011 u
b11001 n
1)
#2475000
0)
#2475500
b11010 n
b111011100 u
1)
#2476000
0)
#2476500
b111011101 u
b11011 n
1)
#2477000
0)
#2477500
b11100 n
b111011110 u
1)
#2478000
0)
#2478500
b111011111 u
b11101 n
1)
#2479000
0)
#2479500
b11110 n
b111100000 u
1)
#2480000
0)
#2480500
b111100001 u
b11111 n
1)
#2481000
0)
#2481500
b100000 n
b111100010 u
1)
#2482000
0)
#2482500
b111100011 u
b100001 n
1)
#2483000
0)
#2483500
b100010 n
b111100100 u
1)
#2484000
0)
#2484500
b111100101 u
b100011 n
1)
#2485000
0)
#2485500
b100100 n
b111100110 u
1)
#2486000
0)
#2486500
b111100111 u
b100101 n
1)
#2487000
0)
#2487500
b100110 n
b111101000 u
1)
#2488000
0)
#2488500
b111101001 u
b100111 n
1)
#2489000
0)
#2489500
b101000 n
b111101010 u
1)
#2490000
0)
#2490500
b111101011 u
b101001 n
1)
#2491000
0)
#2491500
b101010 n
b111101100 u
1)
#2492000
0)
#2492500
b111101101 u
b101011 n
1)
#2493000
0)
#2493500
b101100 n
b111101110 u
1)
#2494000
0)
#2494500
b111101111 u
b101101 n
1)
#2495000
0)
#2495500
b101110 n
b111110000 u
1)
#2496000
0)
#2496500
b111110001 u
b101111 n
1)
#2497000
0)
#2497500
b110000 n
b111110010 u
1)
#2498000
0)
#2498500
b111110011 u
b110001 n
1)
#2499000
0)
#2499500
0k
b0 n
1r
b0 u
1)
#2500000
0)
#2500500
1q
b1 u
1s
b1 n
0l
1)
#2500600
b1 &
b1 .
0/
b11111110 :
b11111110 p
1b
b111111 #
b111111 4
b111111 J
11
b111111 S
b0 3
b0 I
b0 f
b0 w
b0 j
b0 5
b0 K
b0 g
b0 v
b10 ,
#2501000
0)
#2501500
0q
0m
b10 n
b0 5
b0 K
b0 g
b0 v
1t
b10 u
1)
#2501600
01
b1001111 S
b0 U
b110 (
b110 =
b110 A
b1111001 #
b1111001 4
b1111001 J
b1010000 "
b1010000 2
b1010000 H
b1001111 %
b1001111 8
b1001111 E
b0 3
b0 I
b0 f
b0 w
b110000 j
b0 <
b0 B
b0 O
b0 Z
b0 a
b10000 i
b1 >
b1 @
b1 P
b1 Y
b1 `
b0 7
b0 F
b0 L
b0 _
b0 e
b110000 h
1?
1N
b11 9
b11 D
b11 M
b11 ^
b11 d
b11 5
b11 K
b11 g
b11 v
#2502000
0)
#2502500
b11 u
b11 5
b11 K
b11 g
b11 v
b11 n
1)
#2502600
b1011011 S
b0 U
b0 3
b0 I
b0 f
b0 w
b100000 j
b10 5
b10 K
b10 g
b10 v
b10011000100010101000100001000000111001001100001011011100110011101100101001000000110000101110100001000000011001100110000 ""
b1 !"
b1 ~
#2503000
0)
#2503500
b100 n
b100 u
1)
#2503600
b110 S
b0 U
b0 3
b0 I
b0 f
b0 w
b10000 j
b1 5
b1 K
b1 g
b1 v
b10011000100010101000100001000000111001001100001011011100110011101100101001000000110000101110100001000000011001000110000 ""
#2504000
0)
#2504500
b101 u
b101 n
1)
#2504600
b0 &
b0 .
b11111111 :
b11111111 p
0b
b1101111 T
b1001 U
b111111 S
b1001 3
b1001 I
b1001 f
b1001 w
b1001 j
b0 5
b0 K
b0 g
b0 v
b10011000100010101000100001000000111001001100001011011100110011101100101001000000110000101110100001000000011000100110000 ""
#2505000
0)
#2505500
b110 n
b110 u
1)
#2505600
b0 &
b0 .
b11111111 :
b11111111 p
0b
b110 T
b1001111 S
b1 U
b1 3
b1 I
b1 f
b1 w
b110001 j
b11 5
b11 K
b11 g
b11 v
b1000101010001000010000001101111011001100110011000100000011000100110010101101100011011110111011100100000010001010110111001100100 ""
b0 !"
b0 ~
#2506000
0)
#2506500
b111 u
b111 n
1)
#2506600
1/
b111111 T
b1011011 S
b0 U
b1001111 (
b1001111 =
b1001111 A
b1011011 #
b1011011 4
b1011011 J
b111111 "
b111111 2
b111111 H
b110 %
b110 8
b110 E
b0 3
b0 I
b0 f
b0 w
b100000 j
b10 5
b10 K
b10 g
b10 v
b0 <
b0 B
b0 O
b0 Z
b0 a
b110000 i
b11 >
b11 @
b11 P
b11 Y
b11 `
b0 7
b0 F
b0 L
b0 _
b0 e
b10000 h
0?
0N
b1 9
b1 D
b1 M
b1 ^
b1 d
b100000011011110110011001100110001000000110000101100010011011110111011001100101001000000101001101110100011000010111001001110100 ""
#2507000
0)
#2507500
b1000 n
b1000 u
1)
#2507600
b111111 (
b111111 =
b111111 A
b111111 %
b111111 8
b111111 E
b10 5
b10 K
b10 g
b10 v
b0 <
b0 B
b0 O
b0 Z
b0 a
b0 i
b0 >
b0 @
b0 P
b0 Y
b0 `
b0 7
b0 F
b0 L
b0 _
b0 e
b0 h
b0 9
b0 D
b0 M
b0 ^
b0 d
b1101111011100100010000001101001011011100111011001100001011011000110100101100100001000000111001001100001011011100110011101100101 ""
#2508000
0)
#2508500
b1001 u
b1001 n
1)
#2509000
0)
#2509500
b1010 n
b1010 u
1)
#2510000
0)
#2510500
b1011 u
b1011 n
1)
#2511000
0)
#2511500
b1100 n
b1100 u
1)
#2512000
0)
#2512500
b1101 u
b1101 n
1)
#2513000
0)
#2513500
b1110 n
b1110 u
1)
#2514000
0)
#2514500
b1111 u
b1111 n
1)
#2515000
0)
#2515500
b10000 n
b10000 u
1)
#2516000
0)
#2516500
b10001 u
b10001 n
1)
#2517000
0)
#2517500
b10010 n
b10010 u
1)
#2517600
